series,panel,drawing_index,pdf_x_pt,pdf_y_pt,age,value
consumption,A,11,102.80950164794922,168.43927001953125,20.032366528302013,13.768775440284628
consumption,A,12,105.06501007080078,167.82826232910156,20.765826699751912,15.088958653679015
consumption,A,13,105.81650924682617,167.52276611328125,21.01020384723123,15.749033775806936
consumption,A,14,108.0715103149414,166.9117889404297,21.74349903393174,17.069151050924347
consumption,A,15,109.0110092163086,166.6060333251953,22.049011094224824,17.729786648406957
consumption,A,16,111.07825469970703,166.30027770996094,22.721250759269175,18.390422245889624
consumption,A,17,112.39301300048828,165.99501037597656,23.14879199074329,19.05000283093989
consumption,A,18,114.64850616455078,165.68975830078125,23.882247200245843,19.709550446851665
consumption,A,19,115.21200561523438,165.68975830078125,24.065489434911406,19.709550446851665
consumption,A,20,117.6550064086914,165.07826232910156,24.85991953442568,21.030788672678398
consumption,A,21,118.2187614440918,165.07826232910156,25.04324488170935,21.030788672678398
consumption,A,22,120.66100311279297,164.46728515625,25.837428124342956,22.35090594779581
consumption,A,23,121.22525405883789,164.46728515625,26.020914734915507,22.35090594779581
consumption,A,24,123.66800689697266,163.8567657470703,26.815264202785336,23.67003414875785
consumption,A,25,124.42000579833984,163.8567657470703,27.059803854040375,23.67003414875785
consumption,A,26,126.67501068115234,163.55101013183594,27.793100281227723,24.33066974624046
consumption,A,27,127.8030014038086,163.55101013183594,28.159907277136604,24.33066974624046
consumption,A,28,130.0570068359375,163.24525451660156,28.89287869677252,24.991305343723127
consumption,A,29,130.62100982666016,163.24525451660156,29.076284675700634,24.991305343723127
consumption,A,30,133.06400299072266,162.63427734375,29.87071229424123,26.31142261884048
consumption,A,31,133.8155059814453,162.63427734375,30.115090682207388,26.31142261884048
consumption,A,32,136.07050323486328,162.3287811279297,30.84838462842106,26.97149774096846
consumption,A,33,136.82200622558594,162.3287811279297,31.092763016387217,26.97149774096846
consumption,A,34,139.0770034790039,162.0230255126953,31.826056962600894,27.63213333845107
consumption,A,35,139.8290023803711,162.0230255126953,32.070596613855926,27.63213333845107
consumption,A,36,142.0840072631836,161.71728515625,32.803893041043274,28.292735966795192
consumption,A,37,142.83551025390625,161.71728515625,33.04827142900943,28.292735966795192
consumption,A,38,145.09050750732422,161.71728515625,33.78156537522311,28.292735966795192
consumption,A,39,146.21800994873047,161.71728515625,34.14821358881678,28.292735966795192
consumption,A,40,148.47300720214844,161.4120330810547,34.88150753503046,28.95228358270697
consumption,A,41,149.22501373291016,161.4120330810547,35.12604966725917,28.95228358270697
consumption,A,42,151.47950744628906,161.1067657470703,35.85917986921029,29.611864167757233
consumption,A,43,152.23101043701172,161.1067657470703,36.103558257176445,29.611864167757233
consumption,A,44,154.48600006103516,161.1067657470703,36.836849722416446,29.611864167757233
consumption,A,45,155.2375030517578,161.1067657470703,37.081228110382604,29.611864167757233
consumption,A,46,157.4925079345703,160.80101013183594,37.81452453756995,30.2724997652399
consumption,A,47,158.24401092529297,160.80101013183594,38.05890292553611,30.2724997652399
consumption,A,48,160.49950408935547,160.80101013183594,38.79235813503866,30.2724997652399
consumption,A,49,161.62700653076172,160.80101013183594,39.15900634863234,30.2724997652399
consumption,A,50,163.88201141357422,160.49525451660156,39.89230277581969,30.93313536272251
consumption,A,51,164.63350677490234,160.49525451660156,40.13667868281217,30.93313536272251
consumption,A,52,166.8885040283203,160.49525451660156,40.86997262902584,30.93313536272251
consumption,A,53,167.64000701904297,160.49525451660156,41.114351016991996,30.93313536272251
consumption,A,54,169.89501190185547,160.49525451660156,41.847647444179344,30.93313536272251
consumption,A,55,170.64701080322266,160.49525451660156,42.09218709543438,30.93313536272251
consumption,A,56,172.90150451660156,160.18975830078125,42.8253172973855,31.59321048485043
consumption,A,57,173.6529998779297,160.18975830078125,43.069693204377984,31.59321048485043
consumption,A,58,175.90801239013672,160.18975830078125,43.80299211253901,31.59321048485043
consumption,A,59,177.03550720214844,160.18975830078125,44.16963784515901,31.59321048485043
consumption,A,60,179.29100799560547,160.18975830078125,44.90309553563524,31.59321048485043
consumption,A,61,180.0425033569336,160.18975830078125,45.14747144262772,31.59321048485043
consumption,A,62,182.29700469970703,159.884521484375,45.880604125552516,32.25272513162372
consumption,A,63,183.0485076904297,159.884521484375,46.124982513518674,32.25272513162372
consumption,A,64,185.30400848388672,159.884521484375,46.8584402039949,32.25272513162372
consumption,A,65,186.05550384521484,159.884521484375,47.10281611098738,32.25272513162372
consumption,A,66,188.31000518798828,159.884521484375,47.83594879391218,32.25272513162372
consumption,A,67,189.06200408935547,159.884521484375,48.08048844516721,32.25272513162372
consumption,A,68,191.31600189208984,159.57952880859375,48.81345738382946,32.91171227218081
consumption,A,69,192.06800079345703,159.57952880859375,49.05799703508449,32.91171227218081
consumption,A,70,194.3235092163086,159.57952880859375,49.791457206534396,32.91171227218081
consumption,A,71,195.45101165771484,159.57952880859375,50.15810542012807,32.91171227218081
consumption,A,72,197.70600128173828,159.57952880859375,50.891396885368074,32.91171227218081
consumption,A,73,198.45800018310547,159.57952880859375,51.1359365366231,32.91171227218081
consumption,A,74,200.71250915527344,159.57952880859375,51.86907170052158,32.91171227218081
consumption,A,75,201.4640121459961,159.57952880859375,52.11345008848773,32.91171227218081
consumption,A,76,203.7195053100586,159.27403259277344,52.84690529799028,33.57178739430873
consumption,A,77,204.47100067138672,159.27403259277344,53.09128120498277,33.57178739430873
consumption,A,78,206.72600555419922,159.27403259277344,53.82457763217011,33.57178739430873
consumption,A,79,207.47750854492188,159.27403259277344,54.06895602013628,33.57178739430873
consumption,A,80,209.73200225830078,159.27403259277344,54.80208622208739,33.57178739430873
consumption,A,81,210.8600082397461,159.27403259277344,55.16889817994362,33.57178739430873
consumption,A,82,213.1150131225586,158.96827697753906,55.90219460713097,34.232422991791395
consumption,A,83,213.86701202392578,158.96827697753906,56.14673425838601,34.232422991791395
consumption,A,84,216.12200164794922,158.96827697753906,56.88002572362601,34.232422991791395
consumption,A,85,216.87350463867188,158.96827697753906,57.12440411159216,34.232422991791395
consumption,A,86,219.12751007080078,158.96827697753906,57.85737553122808,34.232422991791395
consumption,A,87,219.8790054321289,158.96827697753906,58.10175143822057,34.232422991791395
consumption,A,88,222.13450622558594,158.6627655029297,58.835209128696796,34.89253108305786
consumption,A,89,222.88650512695312,158.6627655029297,59.07974877995182,34.89253108305786
consumption,A,90,225.1420135498047,158.6627655029297,59.81320895140173,34.89253108305786
consumption,A,91,226.26800537109375,158.6627655029297,60.17936593220774,34.89253108305786
consumption,A,92,228.5240020751953,158.6627655029297,60.912984885972854,34.89253108305786
consumption,A,93,229.2760009765625,158.6627655029297,61.15752453722788,34.89253108305786
consumption,A,94,231.530517578125,158.3570098876953,61.89066218210002,35.55316668054047
consumption,A,95,232.2825164794922,158.3570098876953,62.13520183335506,35.55316668054047
consumption,A,96,234.53750610351562,158.3570098876953,62.86849329859506,35.55316668054047
consumption,A,97,235.2895050048828,158.3570098876953,63.1130329498501,35.55316668054047
consumption,A,98,237.54351806640625,158.3570098876953,63.846006850459695,35.55316668054047
consumption,A,99,238.29551696777344,158.3570098876953,64.09054650171474,35.55316668054047
consumption,A,100,240.5500030517578,158.3570098876953,64.82367422269218,35.55316668054047
consumption,A,101,241.302001953125,158.3570098876953,65.06821387394722,35.55316668054047
consumption,A,102,243.55699157714844,158.3570098876953,65.80150533918722,35.55316668054047
consumption,A,103,244.6840057373047,158.3570098876953,66.16799477046568,35.55316668054047
consumption,A,104,246.94000244140625,158.3570098876953,66.9016137242308,35.55316668054047
consumption,A,105,247.6909942626953,158.3570098876953,67.14582588696072,35.55316668054047
consumption,A,106,249.9459991455078,158.3570098876953,67.87912231414808,35.55316668054047
consumption,A,107,250.69801330566406,158.3570098876953,68.12366692735046,35.55316668054047
consumption,A,108,252.95350646972656,158.3570098876953,68.85712213685301,35.55316668054047
consumption,A,109,253.70449829101562,158.3570098876953,69.10133429958293,35.55316668054047
consumption,A,110,255.96001434326172,158.3570098876953,69.83479695200651,35.55316668054047
consumption,A,111,256.7110290527344,158.3570098876953,70.07901655765747,35.55316668054047
consumption,A,112,258.9660186767578,158.3570098876953,70.81230802289747,35.55316668054047
consumption,A,113,260.09352111816406,158.3570098876953,71.17895623649115,35.55316668054047
consumption,A,114,262.3480224609375,158.3570098876953,71.91208891941594,35.55316668054047
consumption,A,115,263.1000213623047,158.3570098876953,72.15662857067097,35.55316668054047
consumption,A,116,265.3550109863281,158.3570098876953,72.88992003591098,35.55316668054047
consumption,A,117,266.1065216064453,158.3570098876953,73.1343009048508,35.55316668054047
consumption,A,118,268.3620300292969,158.6627655029297,73.86776107630071,34.89253108305786
consumption,A,119,269.113525390625,158.6627655029297,74.11213698329318,34.89253108305786
consumption,A,120,271.36851501464844,158.6627655029297,74.84542844853318,34.89253108305786
consumption,A,121,272.1205139160156,158.6627655029297,75.08996809978822,34.89253108305786
consumption,A,122,274.37501525878906,158.6627655029297,75.82310078271303,34.89253108305786
consumption,A,123,275.50201416015625,158.6627655029297,76.18958525204414,34.89253108305786
consumption,A,124,277.7575225830078,158.6627655029297,76.92304542349405,34.89253108305786
consumption,A,125,278.509033203125,158.6627655029297,77.16742629243387,34.89253108305786
consumption,A,126,280.76402282714844,158.96827697753906,77.90071775767387,34.232422991791395
consumption,A,127,281.5150146484375,158.96827697753906,78.14492992040381,34.232422991791395
consumption,A,128,283.77052307128906,158.96827697753906,78.8783900918537,34.232422991791395
consumption,A,129,284.52252197265625,158.96827697753906,79.12292974310874,34.232422991791395
consumption,A,130,286.7775115966797,158.96827697753906,79.85622120834874,34.232422991791395
consumption,A,131,287.52952575683594,158.96827697753906,80.10076582155112,34.232422991791395
consumption,A,132,289.7845153808594,159.27403259277344,80.83405728679112,33.57178739430873
consumption,A,133,290.53651428222656,159.27403259277344,81.07859693804616,33.57178739430873
consumption,A,134,292.791015625,159.27403259277344,81.81172962097097,33.57178739430873
consumption,A,135,293.9185333251953,159.27403259277344,82.17838279651198,33.57178739430873
consumption,A,136,296.17303466796875,159.57952880859375,82.91151547943677,32.91171227218081
consumption,A,137,296.9240264892578,159.57952880859375,83.15572764216671,32.91171227218081
consumption,A,138,299.17901611328125,159.57952880859375,83.88901910740671,32.91171227218081
consumption,A,139,299.93101501464844,159.57952880859375,84.13355875866174,32.91171227218081
consumption,A,140,302.1865234375,159.884521484375,84.86701893011164,32.25272513162372
consumption,A,141,302.9380187988281,159.884521484375,85.11139483710413,32.25272513162372
consumption,A,142,305.1935119628906,159.884521484375,85.84485004660668,32.25272513162372
consumption,A,143,305.9455108642578,159.884521484375,86.08938969786172,32.25272513162372
consumption,A,144,308.2005157470703,160.18975830078125,86.82268612504906,31.59321048485043
consumption,A,145,309.3275146484375,160.18975830078125,87.18917059438019,31.59321048485043
consumption,A,146,311.58302307128906,160.18975830078125,87.92263076583009,31.59321048485043
consumption,A,147,312.3345184326172,160.18975830078125,88.16700667282257,31.59321048485043
consumption,A,148,314.58802795410156,160.49525451660156,88.89981682916961,30.93313536272251
consumption,A,149,315.34002685546875,160.49525451660156,89.14435648042465,30.93313536272251
consumption,A,150,317.5950164794922,160.80101013183594,89.87764794566465,30.2724997652399
consumption,A,151,318.3470153808594,160.80101013183594,90.12218759691967,30.2724997652399
consumption,A,152,320.6020202636719,161.1067657470703,90.85548402410703,29.611864167757233
consumption,A,153,321.35401916503906,161.1067657470703,91.10002367536207,29.611864167757233
consumption,A,154,323.6085205078125,161.4120330810547,91.83315635828686,28.95228358270697
consumption,A,155,324.7365264892578,161.4120330810547,92.19996831614309,28.95228358270697
consumption,A,156,326.99151611328125,161.71728515625,92.93325978138309,28.292735966795192
consumption,A,157,327.74351501464844,161.71728515625,93.17779943263812,28.292735966795192
consumption,A,158,329.99851989746094,162.0230255126953,93.91109585982547,27.63213333845107
consumption,A,159,330.74952697753906,162.0230255126953,94.15531298450276,27.63213333845107
consumption,A,160,333.0040283203125,162.3287811279297,94.88844566742755,26.97149774096846
consumption,A,161,333.7560272216797,162.3287811279297,95.13298531868259,26.97149774096846
consumption,A,162,336.0110168457031,162.63427734375,95.86627678392259,26.31142261884048
consumption,A,163,336.76251220703125,162.63427734375,96.11065269091506,26.31142261884048
consumption,A,164,339.0180206298828,162.63427734375,96.84411286236497,26.31142261884048
consumption,A,165,339.76951599121094,162.63427734375,97.08848876935745,26.31142261884048
consumption,A,166,342.02452087402344,162.93975830078125,97.8217851965448,25.651380465851048
consumption,A,167,343.15252685546875,162.93975830078125,98.18859715440102,25.651380465851048
consumption,A,168,345.4075164794922,163.24525451660156,98.92188861964102,24.991305343723127
consumption,A,169,346.1590270996094,163.24525451660156,99.16626948858085,24.991305343723127
consumption,A,170,348.4135284423828,163.55101013183594,99.89940217150566,24.33066974624046
income,A,171,102.62100219726562,167.217041015625,19.971069111712538,16.40960343501257
income,A,171,105.62901306152344,166.60601806640625,20.949232678680026,17.729819617545502
income,A,171,108.635009765625,166.300048828125,21.926741268597304,18.39091678296728
income,A,171,112.01701354980469,165.69000244140625,23.02652216511578,19.709022940635464
income,A,171,115.02400207519531,165.0780029296875,24.00435328161081,21.031349148033087
income,A,171,118.031005859375,164.77301025390625,24.982189360053198,21.690336288590174
income,A,171,124.04400634765625,163.551025390625,26.937534028412855,24.330636777101972
income,A,171,127.427001953125,163.2449951171875,28.037637451509084,24.991865819077816
income,A,171,130.43301391601562,162.634033203125,29.01515100337371,26.311950125056683
income,A,171,133.44000244140625,162.32904052734375,29.99298211986875,26.97093726561377
income,A,171,136.4459991455078,162.02301025390625,30.970490709786027,27.632166307589557
income,A,171,139.4530029296875,161.41204833984375,31.948326788228407,28.952250613568424
income,A,171,142.4600067138672,161.10699462890625,32.92616286667079,29.611369630679576
income,A,171,145.84201049804688,160.801025390625,34.02594376318927,30.272466796101355
income,A,171,148.84901428222656,160.4949951171875,35.00377984163165,30.9336958380772
income,A,171,151.85501098632812,160.19000244140625,35.981288431548926,31.592682978634286
income,A,171,154.86199951171875,159.884033203125,36.959119548043965,32.253780144056066
income,A,171,157.86801147460938,159.884033203125,37.93663309990859,32.253780144056066
income,A,171,161.25100708007812,159.58001708984375,39.03673652300482,32.91065725974846
income,A,171,164.2580108642578,159.58001708984375,40.0145726014472,32.91065725974846
income,A,171,167.26400756835938,159.2740478515625,40.99208119136448,33.57175442517024
income,A,171,173.2779998779297,159.2740478515625,42.9477483863019,33.57175442517024
income,A,171,176.66000366210938,158.968017578125,44.04752928282037,34.232983467146084
income,A,171,179.66700744628906,159.2740478515625,45.02536536126276,33.57175442517024
income,A,171,182.67300415039062,159.2740478515625,46.002873951180035,33.57175442517024
income,A,171,185.6800079345703,158.968017578125,46.980710029622415,34.232983467146084
income,A,171,188.68600463867188,159.2740478515625,47.95821861953969,33.57175442517024
income,A,171,207.1020050048828,159.2740478515625,53.94684745779764,33.57175442517024
income,A,171,210.4840087890625,159.58001708984375,55.046628354316105,32.91065725974846
income,A,171,240.92601013183594,159.58001708984375,64.94594652929338,32.91065725974846
income,A,171,244.30799865722656,164.77301025390625,66.0457224638645,21.690336288590174
income,A,171,348.7890319824219,164.77301025390625,100.0215107338443,21.690336288590174
wealth,A,172,103.7492561340332,173.32777404785156,20.337961701213203,3.206353628112538
wealth,A,173,106.75625991821289,172.56401824951172,21.31579777965559,4.856574402570914
wealth,A,174,109.76275634765625,171.95301818847656,22.29346887334858,6.176741131396113
wealth,A,175,113.14501190185547,171.1890106201172,23.39333164199833,7.827505896639877
wealth,A,176,116.15150833129883,170.42501831054688,24.37100273569132,9.47823769274521
wealth,A,177,119.15825653076172,169.81402587890625,25.348755701515593,10.79838793700111
wealth,A,178,122.16475296020508,169.20301818847656,26.326426795208583,12.118571150395496
wealth,A,179,125.17150497436523,168.59202575683594,27.304181001519694,13.438721394651395
wealth,A,180,128.55400466918945,167.82827758789062,28.404123161327043,15.08892568454047
wealth,A,181,131.56050872802734,166.91152954101562,29.38179673599371,17.069711526279036
wealth,A,182,134.5675048828125,165.99502563476562,30.35963033346242,19.0499698618014
wealth,A,183,137.5737533569336,164.77301025390625,31.33722079551098,21.690336288590174
wealth,A,184,140.58050537109375,163.55076599121094,32.314975001822084,24.33119725245666
wealth,A,185,143.02350616455078,162.63426208496094,33.10940510133636,26.311455587979026
wealth,A,186,146.0300064086914,161.4120330810547,34.087077435516186,28.95228358270697
wealth,A,187,146.40575408935547,161.1062774658203,34.20926538901243,29.61291918018958
wealth,A,188,149.41250610351562,159.2737579345703,35.187019595323534,33.57238083880196
wealth,A,189,152.41900253295898,157.44027709960938,36.16469068901653,37.53391955314049
wealth,A,190,155.0500030517578,156.06552124023438,37.02025570134456,40.50430705642401
wealth,A,191,155.42575454711914,155.3017578125,37.142444895327635,42.15454431545163
wealth,A,192,158.05625915527344,153.92752075195312,37.99784864436679,45.12381086802577
wealth,A,193,158.4325065612793,153.1634979248047,38.12019910163875,46.77460860240808
wealth,A,194,161.0632553100586,151.6360321044922,38.9756822418355,50.07495124390931
wealth,A,195,162.19050979614258,150.71954345703125,39.342249823784734,52.05517661029319
wealth,A,196,164.06975936889648,148.7340087890625,39.95335581650217,56.345252789893436
wealth,A,197,165.00925827026367,148.2745361328125,40.25886787679524,57.33801948873548
wealth,A,198,167.26425552368164,146.13650512695312,40.99216182300892,61.957589238614275
wealth,A,199,168.01600646972656,145.5255126953125,41.236620842619516,63.277739482870174
wealth,A,200,170.2710075378418,143.38650512695312,41.969916029320025,67.89941925761366
wealth,A,201,171.02275466918945,142.77603149414062,42.21437380844379,69.21844855116018
wealth,A,202,172.9017562866211,140.63751220703125,42.82539916951678,73.83907331347137
wealth,A,203,174.0290069580078,139.72052001953125,43.19196551097918,75.82038666142608
wealth,A,204,176.09600830078125,137.73452758789062,43.864125784865934,80.11145191518165
wealth,A,205,177.4112548828125,136.66552734375,44.29182579865525,82.42120382098256
wealth,A,206,179.10275650024414,134.37350463867188,44.8418787506902,87.37349811671396
wealth,A,207,180.41750717163086,133.30450439453125,45.269417501190645,89.68325002251487
wealth,A,208,182.1090087890625,131.01303100585938,45.81947045322559,94.63435742925986
wealth,A,209,183.42425537109375,129.94354248046875,46.24717046701491,96.94516434749312
wealth,A,210,185.11600494384766,127.65249633789062,46.7973040506943,101.89534861835983
wealth,A,211,186.43125534057617,126.5830078125,47.22500530497046,104.20615553659309
wealth,A,212,188.12225723266602,124.29153442382812,47.77489575322969,109.15726294333814
wealth,A,213,189.43775939941406,123.2225341796875,48.202678879637126,111.46701484913899
wealth,A,214,191.12850189208984,120.9310302734375,48.752484974791415,116.41818819416108
wealth,A,215,192.4445037841797,119.5555419921875,49.18043060497456,119.39015821609308
wealth,A,216,194.51126098632812,117.2650146484375,49.852511487703715,124.33922153625045
wealth,A,217,195.82675552368164,116.19549560546875,50.28029213313747,126.65009439276074
wealth,A,218,197.51800537109375,113.90402221679688,50.83026321304114,131.60120179950576
wealth,A,219,198.8335075378418,112.83453369140625,51.258046339448576,133.91200871773898
wealth,A,220,200.52450942993164,110.54302978515625,51.80793678770781,138.86318206276104
wealth,A,221,201.84000396728516,109.4735107421875,52.23571743314158,141.1740549192713
wealth,A,222,203.5315055847168,107.18252563476562,52.78577038517653,146.12410731358398
wealth,A,223,204.84675979614258,106.113525390625,53.21347287993952,148.43385921938489
wealth,A,224,206.5380096435547,103.822021484375,53.763443959843194,153.3850325644069
wealth,A,225,207.853759765625,102.75250244140625,54.191307717895064,155.6959054209172
wealth,A,226,209.9202537536621,100.76702880859375,54.863303007032435,159.9858497239634
wealth,A,227,211.23550415039062,99.697509765625,55.29100426130858,162.29672258047367
wealth,A,228,213.11500930786133,97.55853271484375,55.902193366644134,166.91833641694015
wealth,A,229,214.24275588989258,96.64202880859375,56.26892097139541,168.89859475246251
wealth,A,230,216.12200546264648,94.50350952148438,56.88002696411284,173.51921951477365
wealth,A,231,217.249755859375,93.5865478515625,57.24675580935095,175.50046692445133
wealth,A,232,219.5035057067871,91.44851684570312,57.97964411636875,180.12003667433015
wealth,A,233,220.25550842285156,90.8370361328125,58.22418500811063,181.4412419310184
wealth,A,234,222.1342544555664,88.69851684570312,58.83512725656551,186.06186669332953
wealth,A,235,223.45000076293945,87.78253173828125,59.26298977413055,188.04100407814252
wealth,A,236,225.3295135498047,85.7960205078125,59.87418136043977,192.3331902826075
wealth,A,237,226.64476776123047,85.03253173828125,60.30188385520277,193.98283409714193
wealth,A,238,228.90000915527344,82.89352416992188,61.03525719257404,198.60451387188542
wealth,A,239,229.8392562866211,82.28253173828125,61.34068738073584,199.92466411614132
wealth,A,240,231.71851348876953,80.29653930664062,61.951795854426955,204.2157293698969
wealth,A,241,232.65850830078125,79.8385009765625,62.25746917800891,205.20539696971892
wealth,A,242,234.5372543334961,77.69952392578125,62.86841142646379,209.82701080618543
wealth,A,243,235.85250854492188,76.78350830078125,63.296113921226784,211.80621412927542
wealth,A,244,237.73126983642578,74.79702758789062,63.907061131629014,216.09833439546335
wealth,A,245,238.67076873779297,74.3385009765625,64.2125731919221,217.08905700771774
wealth,A,246,240.92601013183594,72.20004272460938,64.94594652929338,221.70954989347484
wealth,A,247,241.8655014038086,72.81103515625,65.25145610861277,220.38939964921894
wealth,A,248,243.74449920654297,74.79702758789062,65.86248022919894,216.09833439546335
wealth,A,249,245.0602569580078,75.560546875,66.29034646822448,214.4486246426519
wealth,A,250,247.3157501220703,77.69952392578125,67.02380167772704,209.82701080618543
wealth,A,251,248.0675048828125,78.310546875,67.26826193782446,208.5067946236525
wealth,A,252,250.32225799560547,80.44952392578125,68.00147649288054,203.88518078718602
wealth,A,253,251.07400512695312,81.060546875,68.2459342720043,202.5649646046531
wealth,A,254,252.95326232910156,83.19903564453125,68.85704274569541,197.94440578061898
wealth,A,255,254.0810089111328,84.11553955078125,69.22377035044669,195.96414744509661
wealth,A,256,255.9595069885254,86.2545166015625,69.83463196725712,191.34253360863013
wealth,A,257,257.08652114868164,87.1705322265625,70.20112139853559,189.36333028554014
wealth,A,258,259.15377044677734,89.15652465820312,70.87336230406679,185.07226503178455
wealth,A,259,260.46900939941406,90.22601318359375,71.30105983688243,182.7614581135513
wealth,A,260,262.34852600097656,92.36453247070312,71.91225266367849,178.14083335124013
wealth,A,261,263.47628021240234,93.28152465820312,72.27898274940344,176.15952000328545
wealth,A,262,265.1672668457031,95.57302856445312,72.82886823571533,171.2083466582634
wealth,A,263,266.4825134277344,96.64202880859375,73.25656824950465,168.89859475246251
wealth,A,264,268.36253356933594,98.780517578125,73.86792482056326,164.27803592842838
wealth,A,265,269.4897766113281,99.697509765625,74.23448868105199,162.29672258047367
wealth,A,266,271.18077087402344,101.988525390625,74.78437664833754,157.34660424788396
wealth,A,267,272.49652099609375,103.05804443359375,75.21224040638941,155.0357313913737
wealth,A,268,274.5630111694336,105.34951782226562,75.88423445503994,150.08462398462868
wealth,A,269,275.8782653808594,106.41851806640625,76.31193694980294,147.7748720788278
wealth,A,270,277.5692672729492,108.71002197265625,76.86182739806218,142.82369873380574
wealth,A,271,278.884765625,109.779541015625,77.28960928398277,140.51282587729548
wealth,A,272,280.5762710571289,112.07052612304688,77.83966347650455,135.5627734829828
wealth,A,273,281.8917694091797,113.44601440429688,78.26744536242515,132.59080346105074
wealth,A,274,283.58251953125,115.73703002929688,78.81725393855311,127.64068512846106
wealth,A,275,284.8985137939453,116.8065185546875,79.24519708776259,125.3298782102278
wealth,A,276,286.5900115966797,119.09854125976562,79.7952487993107,120.37758391449637
wealth,A,277,287.9052734375,120.16754150390625,80.22295377504737,118.06783200869552
wealth,A,278,289.5967712402344,122.45852661132812,80.77300548659548,113.11777961438281
wealth,A,279,290.91226959228516,123.83349609375,81.20078737251607,110.14693054316012
wealth,A,280,292.60326385498047,126.12503051757812,81.75067533980163,105.19569125986106
wealth,A,281,294.2937698364258,127.49951171875,82.30040452477199,102.22589720107072
wealth,A,282,295.98502349853516,129.79049682617188,82.8503768451625,97.27584480675807
wealth,A,283,297.30076599121094,130.86001586914062,83.27823812224071,94.96497195024779
wealth,A,284,298.99151611328125,133.15151977539062,83.82804669836867,90.01379860522576
wealth,A,285,300.30726623535156,134.22100830078125,84.25591045642054,87.7029916869925
wealth,A,286,301.99851989746094,136.51303100585938,84.80588277681105,82.7506973912611
wealth,A,287,303.31451416015625,137.58251953125,85.23382592602053,80.43989047302784
wealth,A,288,305.0055160522461,139.87350463867188,85.78371637427976,75.4898380787152
wealth,A,289,306.3207702636719,141.24853515625,86.21141886904275,72.51885713093844
wealth,A,290,308.38826751708984,143.2340087890625,86.88374040621838,68.2289128278922
wealth,A,291,309.7032699584961,144.30352783203125,87.3113610288501,65.91803997138197
wealth,A,292,311.39501953125,146.59503173828125,87.8614946125295,60.96686662635989
wealth,A,293,312.71026611328125,147.66452026367188,88.28919462631882,58.65605970812669
wealth,A,294,314.40052032470703,149.95553588867188,88.83884193915789,53.70594137553695
wealth,A,295,315.7160186767578,151.0245361328125,89.26662382507848,51.3961894697361
wealth,A,296,317.5955123901367,153.16299438476562,89.87780920895352,46.77569658397897
wealth,A,297,318.72301483154297,154.08050537109375,90.2444574225472,44.79326228531488
wealth,A,298,320.6020202636719,156.21853637695312,90.85548402410703,40.17369253543609
wealth,A,299,321.91751861572266,157.134521484375,91.28326591002762,38.1945551506231
wealth,A,300,323.79676818847656,159.12103271484375,91.89437190274506,33.90236894615816
wealth,A,301,325.1125183105469,159.884521484375,92.32223566079693,32.25272513162372
wealth,A,302,327.36751556396484,162.02304077148438,93.0555296070106,27.63210036931258
wealth,A,303,328.30702209472656,162.634033203125,93.36104414827736,26.311950125056683
wealth,A,304,330.18627166748047,164.62002563476562,93.97215014099478,22.020884871301064
wealth,A,305,330.93751525878906,165.07852172851562,94.216444175856,21.03022819732371
wealth,A,306,333.5680236816406,166.45303344726562,95.07184916538199,18.06036820025639
wealth,A,307,333.94351959228516,167.21728515625,95.19395524674695,16.40907592879637
wealth,A,308,336.5745162963867,168.59201049804688,96.04951901858814,13.438754363789883
wealth,A,309,336.95076751708984,169.35552978515625,96.17187071634693,11.789044610978408
wealth,A,310,339.95702362060547,171.1890106201172,97.14946365936916,7.827505896639877
wealth,A,311,342.9645233154297,172.10577392578125,98.12746100110043,5.8466870857628805
wealth,A,312,343.3397750854492,172.7167739868164,98.24948769130779,4.526520356937681
wealth,A,313,346.91027069091797,174.24427032470703,99.41056352344206,1.226111777159474
alpha_mean,C,536,102.62100219726562,401.8290100097656,20.01603353508247,0.9628903792878654
alpha_mean,C,536,105.67500305175781,401.25701904296875,20.989577529830697,0.968147541499476
alpha_mean,C,536,108.72801208496094,401.25701904296875,21.962805355165138,0.968147541499476
alpha_mean,C,536,112.16400146484375,400.3990173339844,23.058118351519816,0.9760334250602414
alpha_mean,C,536,115.21800231933594,399.259033203125,24.031662346268035,0.9865110057258075
alpha_mean,C,536,118.27101135253906,397.8330078125,25.004890171602476,0.9996175882272285
alpha_mean,C,536,149.5709991455078,397.8330078125,34.98259371635283,0.9996175882272285
alpha_mean,C,536,152.62400817871094,398.1180114746094,35.95582154168728,0.996998122939162
alpha_mean,C,536,156.0590057373047,398.1180114746094,37.05081836862818,0.996998122939162
alpha_mean,C,536,159.11199951171875,398.40301513671875,38.0240413298178,0.9943786576510956
alpha_mean,C,536,162.16600036621094,398.6900329589844,38.99758532456602,0.9917406802408522
alpha_mean,C,536,165.21900939941406,398.9740295410156,39.970813149900465,0.989130471013874
alpha_mean,C,536,168.65501403808594,399.5460205078125,41.066131010399964,0.9838733088022638
alpha_mean,C,536,171.7080078125,400.3990173339844,42.039353971589584,0.9760334250602414
alpha_mean,C,536,174.76100158691406,400.9720153808594,43.0125769327792,0.9707670067875425
alpha_mean,C,536,177.81500244140625,402.3990173339844,43.98612092752742,0.9576514487117325
alpha_mean,C,536,180.86900329589844,403.82501220703125,44.95966492227564,0.9445451466970112
alpha_mean,C,536,184.3040008544922,405.53802490234375,46.05466174921654,0.928800867272046
alpha_mean,C,536,187.3570098876953,407.2490234375,47.02788957455098,0.9130750999692583
alpha_mean,C,536,190.4110107421875,409.5320129394531,48.0014335692992,0.8920921704548599
alpha_mean,C,536,193.46400451660156,412.10101318359375,48.97465653048882,0.8684805195913068
alpha_mean,C,536,196.51901245117188,414.384033203125,49.94852155879565,0.8474973095902087
alpha_mean,C,536,199.95401000976562,417.2370300292969,51.04351838573655,0.8212754494996775
alpha_mean,C,536,203.0070037841797,420.0910339355469,52.01674134692617,0.7950443333480579
alpha_mean,C,536,206.06100463867188,422.6590270996094,52.99028534167438,0.7714419385455931
alpha_mean,C,536,209.114013671875,425.5130310058594,53.96351316700883,0.7452108223939731
alpha_mean,C,536,212.5500030517578,428.0810241699219,55.058826163363506,0.7216084275915082
alpha_mean,C,536,215.60301208496094,430.9350280761719,56.03205398869795,0.6953773114398887
alpha_mean,C,536,218.656005859375,433.50103759765625,57.00527694988757,0.6717931482729012
alpha_mean,C,536,224.7639923095703,438.63800048828125,58.952360075239184,0.6245793830935833
alpha_mean,C,536,228.1999969482422,440.92303466796875,60.047677935738676,0.6035776609703083
alpha_mean,C,536,231.2530059814453,443.489013671875,61.020905761073124,0.57999377829002
alpha_mean,C,536,234.30601501464844,445.77301025390625,61.99413358640757,0.5590015927145338
alpha_mean,C,536,237.35899353027344,448.34100341796875,62.967351683452364,0.5353991979120689
alpha_mean,C,536,240.4149932861328,450.6240234375,63.94153288117296,0.5144159879109704
alpha_mean,C,536,243.84901428222656,452.33502197265625,65.03621840284491,0.49869022060818313
alpha_mean,C,536,246.9029998779297,451.7650146484375,66.00975753344831,0.503929151184316
alpha_mean,C,536,249.95701599121094,451.48004150390625,66.98330639234135,0.5065483359856824
alpha_mean,C,536,253.00901794433594,450.9090270996094,67.95621318411719,0.5117965226229044
alpha_mean,C,536,256.4460144042969,450.6240234375,69.05184721403047,0.5144159879109704
alpha_mean,C,536,259.4990234375,450.3390197753906,70.02507503936492,0.5170354531990373
alpha_mean,C,536,262.5520324707031,449.76702880859375,70.99830286469935,0.522292615410648
alpha_mean,C,536,265.60601806640625,449.1960144042969,71.97184199530275,0.5275408020478691
alpha_mean,C,536,268.6600341796875,448.9110107421875,72.94539085419581,0.530160267335936
alpha_mean,C,536,272.093017578125,448.34100341796875,74.0397456140195,0.5353991979120689
alpha_mean,C,536,275.1490173339844,448.05401611328125,75.01392681174009,0.5380368948356127
alpha_mean,C,536,278.2020263671875,447.4850158691406,75.98715463707454,0.5432665693506573
alpha_mean,C,536,281.2550354003906,446.91302490234375,76.96038246240899,0.5485237315622671
alpha_mean,C,536,284.30902099609375,446.6280212402344,77.93392159301237,0.551143196850334
alpha_mean,C,536,287.7440185546875,446.05804443359375,79.02891841995327,0.5563818469397672
alpha_mean,C,536,290.79803466796875,445.48699951171875,80.00246727884632,0.5616303140636889
alpha_mean,C,536,293.8520202636719,444.9170227050781,80.97600640944971,0.5668689641531222
alpha_mean,C,536,296.905029296875,444.34503173828125,81.94923423478416,0.5721261263647319
alpha_mean,C,536,300.34002685546875,443.7760009765625,83.04423106172506,0.5773560813664762
alpha_mean,C,536,303.3940124511719,442.91900634765625,84.01777019232846,0.5852327088661529
alpha_mean,C,536,306.447021484375,442.3490295410156,84.9909980176629,0.5904713589555861
alpha_mean,C,536,309.5010070800781,441.7760009765625,85.96453714826629,0.5957380577149856
alpha_mean,C,536,312.5550231933594,440.92303466796875,86.93808600715934,0.6035776609703083
alpha_mean,C,536,315.9900207519531,440.6360168457031,88.03308283410024,0.6062156383805517
alpha_mean,C,536,319.04302978515625,439.780029296875,89.00631065943469,0.6140830098191401
alpha_mean,C,536,322.0970153808594,438.92303466796875,89.97984979003807,0.6219596373188168
alpha_mean,C,536,325.1520080566406,438.35302734375,90.95370995420006,0.6271985678949497
alpha_mean,C,536,328.20501708984375,437.49700927734375,91.92693777953451,0.6350662198202377
alpha_mean,C,536,331.6390075683594,437.2120361328125,93.02161357291682,0.637685404621605
alpha_mean,C,536,334.6930236816406,436.64202880859375,93.99516243180986,0.6429243351977378
alpha_mean,C,537,334.6930236816406,436.64202880859375,93.99516243180986,0.6429243351977378
alpha_mean,C,537,337.74700927734375,435.7840270996094,94.96870156241326,0.6508102187585028
alpha_mean,C,537,340.8000183105469,436.06903076171875,95.9419293877477,0.6481907534704368
alpha_mean,C,537,344.23602294921875,436.64202880859375,97.0372472482472,0.6429243351977378
alpha_mean,C,537,347.2900085449219,436.64202880859375,98.0107863788506,0.6429243351977378
alpha_mean,C,537,350.3420104980469,437.2120361328125,98.98369317062644,0.637685404621605
alpha_p05,C,538,103.19400787353516,410.24501037597656,20.198694333709398,0.8855390194474992
alpha_p05,C,539,103.95801544189453,407.8200225830078,20.442242065211957,0.9078270535753865
alpha_p05,C,540,104.9117546081543,405.6800231933594,20.74627178953329,0.9274957626585572
alpha_p05,C,541,105.67500305175781,403.25502014160156,20.989577529830697,0.9497839370297942
alpha_p05,C,542,107.01100158691406,403.2550277709961,21.415462594329163,0.9497838669081191
alpha_p05,C,543,110.06401062011719,403.2550277709961,22.38869041966361,0.9497838669081191
alpha_p05,C,544,112.73600769042969,402.6845169067383,23.24046054866055,0.9550274255147966
alpha_p05,C,545,115.40850830078125,401.40052795410156,24.092391194436786,0.9668285527943539
alpha_p05,C,546,115.98075866699219,400.6875305175781,24.274811217894758,0.9733817038017145
alpha_p05,C,547,117.69875717163086,398.54652404785156,24.8224689321083,0.9930596689459739
alpha_p05,C,548,119.60700988769531,397.83251190185547,25.43077523610095,0.9996221461360979
alpha_p05,C,549,122.66050720214844,397.83251190185547,26.404158714069865,0.9996221461360979
alpha_p05,C,550,126.09550476074219,397.83251190185547,27.499155541010765,0.9996221461360979
alpha_p05,C,551,129.1490020751953,397.83251190185547,28.47253901897969,0.9996221461360979
alpha_p05,C,552,132.2030029296875,397.83251190185547,29.446083013727907,0.9996221461360979
alpha_p05,C,553,135.2570037841797,397.83251190185547,30.419627008476127,0.9996221461360979
alpha_p05,C,554,138.3100128173828,397.83251190185547,31.392854833810574,0.9996221461360979
alpha_p05,C,555,141.74501037597656,397.83251190185547,32.487851660751474,0.9996221461360979
alpha_p05,C,556,144.7985076904297,397.83251190185547,33.46123513872039,0.9996221461360979
alpha_p05,C,557,147.8520050048828,397.83251190185547,34.434618616689306,0.9996221461360979
alpha_p05,C,558,150.90650177001953,397.83251190185547,35.408320696144415,0.9996221461360979
alpha_p05,C,559,153.9600067138672,397.83251190185547,36.38170660618575,0.9996221461360979
alpha_p05,C,560,157.39500427246094,397.83251190185547,37.47670343312665,0.9996221461360979
alpha_p05,C,561,159.8757553100586,398.5460205078125,38.267508802930706,0.993064296976518
alpha_p05,C,562,161.02075958251953,400.6855163574219,38.63250936662595,0.9734002159238919
alpha_p05,C,563,162.16575622558594,402.54103088378906,38.99750749824878,0.9563462038548938
alpha_p05,C,564,162.7382583618164,403.25502014160156,39.1800077800964,0.9497839370297942
alpha_p05,C,565,166.36450958251953,404.5387725830078,40.335971798302594,0.937984983522159
alpha_p05,C,566,169.4185028076172,405.5375213623047,41.3095133609784,0.9288054953025906
alpha_p05,C,567,171.70825958251953,407.53501892089844,42.039434229979236,0.910446518863453
alpha_p05,C,568,172.66275787353516,408.10552978515625,42.34370594550572,0.9052029602567759
alpha_p05,C,569,174.57025527954102,409.96002197265625,42.95177147432942,0.8881583444922159
alpha_p05,C,570,175.71550750732422,410.38751220703125,43.3168510803781,0.8842292868034662
alpha_p05,C,571,177.62400817871094,412.24351501464844,43.92523642672419,0.8671707869472733
alpha_p05,C,572,178.9600067138672,412.6710205078125,44.35112149122266,0.8632415890151739
alpha_p05,C,573,182.0140037536621,413.5270233154297,45.32466426993467,0.8553740773332357
alpha_p05,C,574,185.0675048828125,414.81202697753906,46.2980489639398,0.8435636238709145
alpha_p05,C,575,186.5942611694336,416.9510192871094,46.784743134996674,0.8239041708488326
alpha_p05,C,576,187.54801177978516,418.52052307128906,47.08877650742662,0.8094788801289896
alpha_p05,C,577,187.9300079345703,419.09202575683594,47.210547941105496,0.8042262057045733
alpha_p05,C,578,188.88475799560547,421.51751708984375,47.51489991502163,0.7819335435461419
alpha_p05,C,579,189.83850860595703,423.65802001953125,47.818933287451586,0.7622602064324271
alpha_p05,C,580,191.17475509643555,425.65501403808594,48.2448973943035,0.743905858023834
alpha_p05,C,581,192.1290054321289,427.9375305175781,48.54909006747654,0.7229272760532806
alpha_p05,C,582,193.27375411987305,429.9350128173828,48.91400915674593,0.7045684398574927
alpha_p05,C,583,194.22825241088867,431.0760192871094,49.218280872272416,0.6940814628874881
alpha_p05,C,584,195.56400299072266,433.217041015625,49.64408689441744,0.6744033574998793
alpha_p05,C,585,196.5185089111328,434.9290313720703,49.948361042016344,0.6586684743793527
alpha_p05,C,586,197.28175354003906,435.5000305175781,50.19166556627754,0.6534204279854814
alpha_p05,C,587,199.38100814819336,437.6395263671875,50.86085880314583,0.6337563469328549
alpha_p05,C,588,200.7170066833496,438.63853454589844,51.2867438676443,0.6245744745763391
alpha_p05,C,589,202.43475341796875,440.77952575683594,51.83432132346819,0.60489664967543
alpha_p05,C,590,203.77075576782227,441.7785339355469,52.26020760400287,0.5957147773189142
alpha_p05,C,591,205.48825454711914,443.9180145263672,52.80770601747332,0.5760508365096371
alpha_p05,C,592,207.01500701904297,445.2015380859375,53.29439897249398,0.5642539866522496
alpha_p05,C,593,208.92325973510742,447.05552673339844,53.90270527648663,0.5472139989182345
alpha_p05,C,594,209.87775802612305,447.48451232910156,54.206976992013125,0.543271197381201
alpha_p05,C,595,211.9770050048828,449.6240234375,54.876167796809,0.5236069760852251
alpha_p05,C,596,213.31300354003906,450.62353515625,55.30205286130746,0.5144204756981656
alpha_p05,C,597,215.03075790405273,452.76353454589844,55.849632749203764,0.49475176661499454
alpha_p05,C,598,216.36650466918945,453.7625427246094,56.27543755531259,0.48556989425847874
alpha_p05,C,599,218.08425903320312,455.9035186767578,56.8230174432089,0.46589220960091904
alpha_p05,C,600,219.2297592163086,457.18601989746094,57.18817609161103,0.45410475604797007
alpha_p05,C,601,221.9007568359375,458.47052001953125,58.039627619121774,0.4422989306161931
alpha_p05,C,602,222.6642608642578,459.18353271484375,58.283014833845044,0.43574563936548305
alpha_p05,C,603,224.57275390625,461.03953552246094,58.89139774811872,0.4186871395092906
alpha_p05,C,604,225.33575439453125,461.46727752685547,59.13462444606267,0.4147557678052678
alpha_p05,C,605,228.0090103149414,463.1785202026367,59.98679586700787,0.39902775660888334
alpha_p05,C,606,228.77176666259766,463.74927520751953,60.229944738634586,0.3937819541086087
alpha_p05,C,607,231.4435043334961,465.0345153808594,61.08163217716947,0.3819693268743656
alpha_p05,C,608,232.20726013183594,465.7475280761719,61.32509965028238,0.37541603562365466
alpha_p05,C,609,234.1152572631836,467.6015167236328,61.93332447984916,0.3583760478896396
alpha_p05,C,610,235.45150756835938,468.03026580810547,62.35928980273728,0.35443542012452856
alpha_p05,C,611,237.93275451660156,469.17125701904297,63.15025325724824,0.34394858339787415
alpha_p05,C,612,240.60450744628906,470.45652770996094,64.00194555992793,0.33213567567693136
alpha_p05,C,613,240.9860076904297,470.0280303955078,64.12355890889992,0.3360739894267697
alpha_p05,C,614,243.65825653076172,468.8860168457031,64.9754092962865,0.3465702224578626
alpha_p05,C,615,244.99400329589844,468.03026580810547,65.40121410239533,0.35443542012452856
alpha_p05,C,616,248.04800415039062,466.88877868652344,66.37475809714354,0.36492681476005284
alpha_p05,C,617,251.29251098632812,466.31727600097656,67.40903094006052,0.3701794891844692
alpha_p05,C,618,254.3450164794922,466.31727600097656,68.38209824861566,0.3701794891844692
alpha_p05,C,619,257.5900115966797,465.7472839355469,69.41652674416711,0.3754182795172518
alpha_p05,C,620,260.8345184326172,465.17701721191406,70.45079958708408,0.38065959423033213
alpha_p05,C,621,263.8880310058594,465.17701721191406,71.42418792919783,0.38065959423033213
alpha_p05,C,622,266.9420166015625,465.17701721191406,72.39772705980123,0.38065959423033213
alpha_p05,C,623,269.99603271484375,465.17701721191406,73.37127591869427,0.38065959423033213
alpha_p05,C,624,273.23902893066406,464.6060256958008,74.40506721127333,0.3859075705025292
alpha_p05,C,625,276.4850158691406,464.03551483154297,75.43981187623856,0.3911511291092058
alpha_p05,C,626,279.53802490234375,464.03551483154297,76.41303970157301,0.3911511291092058
alpha_p05,C,627,282.40027618408203,463.75001525878906,77.32545842034905,0.3937751523061417
alpha_p05,C,628,285.64501953125,463.1785202026367,78.35980665751084,0.39902775660888334
alpha_p05,C,629,289.08001708984375,463.1785202026367,79.45480348445174,0.39902775660888334
alpha_p05,C,630,291.9427795410156,462.60802459716797,80.3673851520795,0.40427117497221055
alpha_p05,C,631,295.1880187988281,462.03802490234375,81.40189147394818,0.40951003542666875
alpha_p05,C,632,298.24102783203125,462.03802490234375,82.37511929928263,0.40951003542666875
alpha_p05,C,633,301.4852752685547,461.46727752685547,83.40930945173754,0.4147557678052678
alpha_p05,C,634,304.7300109863281,460.89627838134766,84.44365525682693,0.42000381419913957
alpha_p05,C,635,307.59252166748047,460.3257827758789,85.35615666606503,0.42524723256246766
alpha_p05,C,636,310.83702087402344,459.75502014160156,86.39042707690959,0.43049310518441697
alpha_p05,C,637,313.7000274658203,459.4697723388672,87.30308657085457,0.4331148143660801
alpha_p05,C,638,317.13502502441406,458.32801818847656,88.39808339779547,0.4436086632602265
alpha_p05,C,639,320.1885223388672,457.18601989746094,89.3714668757644,0.45410475604797007
alpha_p05,C,640,323.4330139160156,456.6155242919922,90.40573485453655,0.45934817441129727
alpha_p05,C,641,326.29651641845703,456.0450210571289,91.31855243318843,0.46459166289630005
alpha_p05,C,642,329.3502731323242,455.18902587890625,92.2920186016194,0.47245910445656314
alpha_p05,C,643,332.7845230102539,454.1905212402344,93.38677708546378,0.48163634878253436
alpha_p05,C,644,335.83802795410156,453.7630157470703,94.3601629955051,0.4855655467146347
alpha_p05,C,645,338.8917694091797,453.47776794433594,95.33362429979125,0.48818725589629786
alpha_p05,C,646,341.9450225830078,453.04927825927734,96.30692995144294,0.4921254995244615
alpha_p05,C,647,345.3815155029297,451.76527404785156,97.40240346457692,0.5039267670473686
alpha_p05,C,648,348.6255187988281,451.1942825317383,98.4365157907146,0.5091747433195657
alpha_p95,C,649,103.00300598144531,397.83251190185547,20.137807400833758,0.9996221461360979
alpha_p95,C,650,105.29350280761719,397.83251190185547,20.867964180858714,0.9996221461360979
alpha_p95,C,651,106.05650329589844,397.83251190185547,21.111190878802674,0.9996221461360979
alpha_p95,C,652,108.34651184082031,397.83251190185547,21.84119200619316,0.9996221461360979
alpha_p95,C,653,109.1100082397461,397.83251190185547,22.084576788844004,0.9996221461360979
alpha_p95,C,654,111.40000915527344,397.83251190185547,22.814575484162077,0.9996221461360979
alpha_p95,C,655,112.54550170898438,397.83251190185547,23.179731700491793,0.9996221461360979
alpha_p95,C,656,114.83600616455078,397.83251190185547,23.909890912589162,0.9996221461360979
alpha_p95,C,657,115.59950256347656,397.83251190185547,24.153275695240012,0.9996221461360979
alpha_p95,C,658,117.88951110839844,397.83251190185547,24.8832768226305,0.9996221461360979
alpha_p95,C,659,118.65251159667969,397.83251190185547,25.12650352057446,0.9996221461360979
alpha_p95,C,660,120.94300842285156,397.83251190185547,25.856660300599415,0.9996221461360979
alpha_p95,C,661,121.70651245117188,397.83251190185547,26.10004751532268,0.9996221461360979
alpha_p95,C,662,123.99650573730469,397.83251190185547,26.83004377856834,0.9996221461360979
alpha_p95,C,663,125.14151000976562,397.83251190185547,27.19504434226358,0.9996221461360979
alpha_p95,C,664,127.43150329589844,397.83251190185547,27.92504060550924,0.9996221461360979
alpha_p95,C,665,128.19500732421875,397.83251190185547,28.168427820232495,0.9996221461360979
alpha_p95,C,666,130.4850082397461,397.83251190185547,28.898426515550568,0.9996221461360979
alpha_p95,C,667,131.24900817871094,397.83251190185547,29.14197181498072,0.9996221461360979
alpha_p95,C,668,133.53900909423828,397.83251190185547,29.871970510298787,0.9996221461360979
alpha_p95,C,669,134.30250549316406,397.83251190185547,30.115355292949637,0.9996221461360979
alpha_p95,C,670,136.59251403808594,397.83251190185547,30.845356420340124,0.9996221461360979
alpha_p95,C,671,137.35550689697266,397.83251190185547,31.08858068621167,0.9996221461360979
alpha_p95,C,672,139.64600372314453,397.83251190185547,31.818737466236627,0.9996221461360979
alpha_p95,C,673,140.79100799560547,397.83251190185547,32.18373802993187,0.9996221461360979
alpha_p95,C,674,143.0810089111328,397.83251190185547,32.91373672524994,0.9996221461360979
alpha_p95,C,675,143.84500885009766,397.83251190185547,33.157282024680086,0.9996221461360979
alpha_p95,C,676,146.13450622558594,397.83251190185547,33.887120203218856,0.9996221461360979
alpha_p95,C,677,146.89801025390625,397.83251190185547,34.13050741794212,0.9996221461360979
alpha_p95,C,678,149.18900299072266,397.83251190185547,34.860822282673965,0.9996221461360979
alpha_p95,C,679,149.95249938964844,397.83251190185547,35.104207065324815,0.9996221461360979
alpha_p95,C,680,152.24200439453125,397.83251190185547,35.834047675936,0.9996221461360979
alpha_p95,C,681,153.00550842285156,397.83251190185547,36.07743489065926,0.9996221461360979
alpha_p95,C,682,155.29550170898438,397.83251190185547,36.807431153904915,0.9996221461360979
alpha_p95,C,683,156.4405059814453,397.83251190185547,37.17243171760016,0.9996221461360979
alpha_p95,C,684,158.73050689697266,397.83251190185547,37.90243041291823,0.9996221461360979
alpha_p95,C,685,159.49400329589844,397.83251190185547,38.14581519556908,0.9996221461360979
alpha_p95,C,686,161.78400421142578,397.83251190185547,38.87581389088715,0.9996221461360979
alpha_p95,C,687,162.54800415039062,397.83251190185547,39.1193591903173,0.9996221461360979
alpha_p95,C,688,164.83750915527344,397.83251190185547,39.84919980092848,0.9996221461360979
alpha_p95,C,689,165.60100555419922,397.83251190185547,40.09258458357933,0.9996221461360979
alpha_p95,C,690,167.89200592041016,397.83251190185547,40.82290188038359,0.9996221461360979
alpha_p95,C,691,169.03650665283203,397.83251190185547,41.187741927299534,0.9996221461360979
alpha_p95,C,692,171.32650756835938,397.83251190185547,41.9177406226176,0.9996221461360979
alpha_p95,C,693,172.09000396728516,397.83251190185547,42.16112540526845,0.9996221461360979
alpha_p95,C,694,174.37950134277344,397.83251190185547,42.89096358380722,0.9996221461360979
alpha_p95,C,695,175.14300537109375,397.83251190185547,43.134350798530484,0.9996221461360979
alpha_p95,C,696,177.4330062866211,397.83251190185547,43.86434949384855,0.9996221461360979
alpha_p95,C,697,178.19700622558594,397.83251190185547,44.1078947932787,0.9996221461360979
alpha_p95,C,698,180.48700714111328,397.83251190185547,44.83789348859677,0.9996221461360979
alpha_p95,C,699,181.25050354003906,397.83251190185547,45.08127827124762,0.9996221461360979
alpha_p95,C,700,183.54051208496094,397.83251190185547,45.811279398638106,0.9996221461360979
alpha_p95,C,701,184.6855010986328,397.83251190185547,46.17627509818852,0.9996221461360979
alpha_p95,C,702,186.9755096435547,397.83251190185547,46.906276225579006,0.9996221461360979
alpha_p95,C,703,187.73900604248047,397.83251190185547,47.149661008229856,0.9996221461360979
alpha_p95,C,704,190.02951049804688,397.83251190185547,47.879820220327225,0.9996221461360979
alpha_p95,C,705,190.79300689697266,397.83251190185547,48.123205002978075,0.9996221461360979
alpha_p95,C,706,193.08250427246094,397.83251190185547,48.853043181516846,0.9996221461360979
alpha_p95,C,707,193.84650421142578,397.83251190185547,49.09658848094699,0.9996221461360979
alpha_p95,C,708,196.1370086669922,397.83251190185547,49.82674769304436,0.9996221461360979
alpha_p95,C,709,196.9005126953125,397.83251190185547,50.070134907767624,0.9996221461360979
alpha_p95,C,710,199.19001007080078,397.83251190185547,50.799973086306395,0.9996221461360979
alpha_p95,C,711,200.33551025390625,397.83251190185547,51.165131734708524,0.9996221461360979
alpha_p95,C,712,202.62550354003906,397.83251190185547,51.89512799795418,0.9996221461360979
alpha_p95,C,713,203.38900756835938,397.83251190185547,52.13851521267745,0.9996221461360979
alpha_p95,C,714,205.67900848388672,397.83251190185547,52.86851390799552,0.9996221461360979
alpha_p95,C,715,206.4425048828125,397.83251190185547,53.11189869064637,0.9996221461360979
alpha_p95,C,716,208.73251342773438,397.83251190185547,53.84189981803685,0.9996221461360979
alpha_p95,C,717,209.49600982666016,397.83251190185547,54.0852846006877,0.9996221461360979
alpha_p95,C,718,211.78600311279297,397.83251190185547,54.81528086393335,0.9996221461360979
alpha_p95,C,719,212.9320068359375,397.83251190185547,55.180600029114785,0.9996221461360979
alpha_p95,C,720,215.2215118408203,397.83251190185547,55.91044063972596,0.9996221461360979
alpha_p95,C,721,215.98451232910156,397.83251190185547,56.15366733766993,0.9996221461360979
alpha_p95,C,722,218.27500915527344,397.83251190185547,56.883824117694886,0.9996221461360979
alpha_p95,C,723,219.03750610351562,397.83251190185547,57.12689029885955,0.9996221461360979
alpha_p95,C,724,221.32850646972656,397.83251190185547,57.85720759566381,0.9996221461360979
alpha_p95,C,725,222.09201049804688,397.83251190185547,58.100594810387065,0.9996221461360979
alpha_p95,C,726,224.3820037841797,397.83251190185547,58.83059107363272,0.9996221461360979
alpha_p95,C,727,225.14599609375,397.83251190185547,59.074133940990464,0.9996221461360979
alpha_p95,C,728,227.4355010986328,397.83251190185547,59.80397455160164,0.9996221461360979
alpha_p95,C,729,228.5810089111328,397.83251190185547,60.16913563207619,0.9996221461360979
alpha_p95,C,730,230.8715057373047,397.83251190185547,60.89929241210115,0.9996221461360979
alpha_p95,C,731,231.6340103149414,397.83201599121094,61.14236102533822,0.9996267040449673
alpha_p95,C,732,233.16175842285156,399.26002502441406,61.629371365808865,0.9865018899080691
alpha_p95,C,733,234.687255859375,400.1150207519531,62.11566424491748,0.9786436342872191
alpha_p95,C,734,235.26051330566406,401.8280334472656,62.298405301934054,0.9628993548622544
alpha_p95,C,735,235.83375549316406,403.54002380371094,62.48114149480581,0.9471644717417278
alpha_p95,C,736,236.406005859375,405.2520294189453,62.663561518263776,0.9314294483778514
alpha_p95,C,737,236.9780044555664,406.9640197753906,62.8459012833321,0.9156945652573247
alpha_p95,C,738,237.55099487304688,408.67601013183594,63.028557217814196,0.8999596821367981
alpha_p95,C,739,237.74224853515625,408.676025390625,63.08952440907949,0.8999595418934483
alpha_p95,C,740,238.31451416015625,410.38902282714844,63.27194929668228,0.8842154027118334
alpha_p95,C,741,239.0780029296875,411.9580383300781,63.51533164726071,0.8697945997791847
alpha_p95,C,742,239.84051513671875,413.52752685546875,63.7584026925702,0.8553694493026911
alpha_p95,C,743,240.41400146484375,415.239013671875,63.94121671175918,0.839639194212709
alpha_p95,C,744,240.79550170898438,415.239013671875,64.06283006073116,0.839639194212709
alpha_p95,C,745,241.5590057373047,416.9510192871094,64.30621727545443,0.8239041708488326
alpha_p95,C,746,242.13125610351562,418.52052307128906,64.4886372989124,0.8094788801289896
alpha_p95,C,747,243.08551025390625,420.0910186767578,64.79283118812165,0.7950444735914077
alpha_p95,C,748,243.84900665283203,421.8020324707031,65.0362159707725,0.7793185660452697
alpha_p95,C,749,244.04000854492188,421.8030242919922,65.09710290364814,0.7793094502275313
alpha_p95,C,750,246.33025360107422,420.947021484375,65.82717942528345,0.7871769619094695
alpha_p95,C,751,247.28475952148438,420.6620178222656,66.13145357288235,0.789796427197536
alpha_p95,C,752,248.81126403808594,419.23451232910156,66.61806748554957,0.8029166133038901
alpha_p95,C,753,250.33726501464844,418.3780212402344,67.1045208814375,0.8107886127730226
alpha_p95,C,754,251.48326110839844,416.9510192871094,67.4698376145465,0.8239041708488326
alpha_p95,C,755,252.6280059814453,415.52552795410156,67.83475548777969,0.8370058448330098
alpha_p95,C,756,253.39075469970703,415.239013671875,68.077901927334,0.839639194212709
alpha_p95,C,757,254.9182586669922,413.81251525878906,68.5648344414874,0.8527501242579745
alpha_p95,C,758,256.0627632141113,412.38702392578125,68.92967570443956,0.8658517982421516
alpha_p95,C,759,256.8272705078125,412.10052490234375,69.17338273668521,0.8684850073785011
alpha_p95,C,760,258.35301971435547,410.6730194091797,69.65975587418349,0.8816051934848552
alpha_p95,C,761,259.8802795410156,409.81752014160156,70.14661056201966,0.8894680771362493
alpha_p95,C,762,261.0250244140625,408.39051818847656,70.51152843525284,0.9025836352120593
alpha_p95,C,763,262.17051696777344,406.9640197753906,70.87668465158255,0.9156945652573247
alpha_p95,C,764,262.93402099609375,406.6800231933594,71.12007186630582,0.9183047744843029
alpha_p95,C,765,263.8875274658203,404.96702575683594,71.42402741241852,0.9340489136659178
alpha_p95,C,766,264.84226989746094,403.54002380371094,71.72837695426226,0.9471644717417278
alpha_p95,C,767,265.79701232910156,401.9705047607422,72.03272649610598,0.9615899027049206
alpha_p95,C,768,265.98777770996094,402.114013671875,72.0935380347368,0.9602709139997989
alpha_p95,C,769,267.1325225830078,400.6855163574219,72.45845590796998,0.9734002159238919
alpha_p95,C,770,268.2780227661133,399.26002502441406,72.8236145563721,0.9865018899080691
alpha_p95,C,771,268.8500213623047,398.97428131103516,73.00595432144043,0.9891281569986021
alpha_p95,C,772,271.1405258178711,398.1180114746094,73.7361135335378,0.996998122939162
alpha_p95,C,773,272.47552490234375,397.83251190185547,74.16167999655008,0.9996221461360979
alpha_p95,C,774,274.7665252685547,397.83251190185547,74.89199729335434,0.9996221461360979
alpha_p95,C,775,275.530517578125,397.83251190185547,75.13554016071207,0.9996221461360979
alpha_p95,C,776,277.8205261230469,397.83251190185547,75.86554128810256,0.9996221461360979
alpha_p95,C,777,278.5835266113281,397.83251190185547,76.10876798604652,0.9996221461360979
alpha_p95,C,778,280.8740234375,397.83251190185547,76.83892476607147,0.9996221461360979
alpha_p95,C,779,281.63702392578125,397.83251190185547,77.08215146401544,0.9996221461360979
alpha_p95,C,780,283.92701721191406,397.83251190185547,77.81214772726109,0.9996221461360979
alpha_p95,C,781,284.6905212402344,397.83251190185547,78.05553494198436,0.9996221461360979
alpha_p95,C,782,286.9810333251953,397.83251190185547,78.78569658615415,0.9996221461360979
alpha_p95,C,783,288.1260223388672,397.83251190185547,79.15069228570455,0.9996221461360979
alpha_p95,C,784,290.4165344238281,397.83251190185547,79.88085392987435,0.9996221461360979
alpha_p95,C,785,291.1795349121094,397.83251190185547,80.1240806278183,0.9996221461360979
alpha_p95,C,786,293.4695281982422,397.83251190185547,80.85407689106395,0.9996221461360979
alpha_p95,C,787,294.2335205078125,397.83251190185547,81.0976197584217,0.9996221461360979
alpha_p95,C,788,296.5235290527344,397.83251190185547,81.82762088581218,0.9996221461360979
alpha_p95,C,789,297.2865295410156,397.83251190185547,82.07084758375615,0.9996221461360979
alpha_p95,C,790,299.5775146484375,397.83251190185547,82.80116001641558,0.9996221461360979
alpha_p95,C,791,300.7215270996094,397.83251190185547,83.16584441069705,0.9996221461360979
alpha_p95,C,792,303.01202392578125,397.83251190185547,83.896001190722,0.9996221461360979
alpha_p95,C,793,303.77601623535156,397.83251190185547,84.13954405807974,0.9996221461360979
alpha_p95,C,794,306.0655212402344,397.83251190185547,84.86938466869091,0.9996221461360979
alpha_p95,C,795,306.8290252685547,397.83251190185547,85.11277188341418,0.9996221461360979
alpha_p95,C,796,309.11952209472656,397.83251190185547,85.84292866343914,0.9996221461360979
alpha_p95,C,797,309.88250732421875,397.83251190185547,86.08615049723828,0.9996221461360979
alpha_p95,C,798,312.1740264892578,397.83251190185547,86.81663317496665,0.9996221461360979
alpha_p95,C,799,312.9365234375,397.83251190185547,87.05969935613132,0.9996221461360979
alpha_p95,C,800,315.2265319824219,397.83251190185547,87.7897004835218,0.9996221461360979
alpha_p95,C,801,316.37152099609375,397.83251190185547,88.15469618307222,0.9996221461360979
alpha_p95,C,802,318.6615295410156,397.83251190185547,88.8846973104627,0.9996221461360979
alpha_p95,C,803,319.42552185058594,397.83251190185547,89.12824017782044,0.9996221461360979
alpha_p95,C,804,321.71551513671875,397.83251190185547,89.8582364410661,0.9996221461360979
alpha_p95,C,805,322.47901916503906,397.83251190185547,90.10162365578935,0.9996221461360979
alpha_p95,C,806,324.76951599121094,397.83251190185547,90.83178043581431,0.9996221461360979
alpha_p95,C,807,325.53350830078125,397.83251190185547,91.07532330317206,0.9996221461360979
alpha_p95,C,808,327.82301330566406,397.83251190185547,91.80516391378323,0.9996221461360979
alpha_p95,C,809,328.5860137939453,397.83251190185547,92.0483906117272,0.9996221461360979
alpha_p95,C,810,330.8770294189453,397.83251190185547,92.77871277267629,0.9996221461360979
alpha_p95,C,811,332.02101135253906,397.83251190185547,93.1433874386681,0.9996221461360979
alpha_p95,C,812,334.3115234375,397.83251190185547,93.87354908283788,0.9996221461360979
alpha_p95,C,813,335.0750274658203,397.83251190185547,94.11693629756114,0.9996221461360979
alpha_p95,C,814,337.3650207519531,397.83251190185547,94.8469325608068,0.9996221461360979
alpha_p95,C,815,338.12901306152344,397.83251190185547,95.09047542816454,0.9996221461360979
alpha_p95,C,816,340.41851806640625,397.83251190185547,95.82031603877572,0.9996221461360979
alpha_p95,C,817,341.18202209472656,397.83251190185547,96.06370325349899,0.9996221461360979
alpha_p95,C,818,343.47251892089844,397.83251190185547,96.79386003352394,0.9996221461360979
alpha_p95,C,819,344.6175231933594,397.83251190185547,97.15886059721917,0.9996221461360979
alpha_p95,C,820,346.90850830078125,397.83251190185547,97.8891730298786,0.9996221461360979
alpha_p95,C,821,347.6710205078125,397.83251190185547,98.1322440751881,0.9996221461360979
alpha_p95,C,822,349.9610137939453,397.83251190185547,98.86224033843376,0.9996221461360979
