cash_on_hand_thousand_usd,value,pdf_x_pt,pdf_y_pt,drawing_index
18.363976783461183,1.000619236425266,111.47500610351562,67.47677612304688,11
19.265632831713262,1.000619236425266,112.25701141357422,67.47677612304688,12
20.166699499042252,1.000619236425266,113.03850555419922,67.47677612304688,13
21.517446217206853,1.000619236425266,114.21000671386719,67.47677612304688,14
22.418521681266057,1.000619236425266,114.99150848388672,67.47677612304688,15
23.319016561132386,1.000619236425266,115.77250671386719,67.47677612304688,16
23.99468461067623,1.0006216244724122,116.35851287841797,67.47650146484375,17
24.446080023899825,0.9849884064983649,116.75000762939453,69.2745361328125,18
24.896331862198096,0.9693642100357592,117.14051055908203,71.071533203125,19
25.121457781347218,0.9537315227388556,117.33576202392578,72.8695068359375,20
25.347164284689214,0.9328902392772731,117.5315170288086,75.26654052734375,22
25.347164284689214,0.9485234572513204,117.5315170288086,73.468505859375,21
25.79683553879461,0.8860001375437165,117.92151641845703,80.6595458984375,25
25.79683553879461,0.9016333555177638,117.92151641845703,78.86151123046875,24
25.79683553879461,0.9172575519803694,117.92151641845703,77.06451416015625,23
26.247650367825358,0.8521307302061416,118.31250762939453,84.55499267578125,27
26.247650367825358,0.8703674502468128,118.31250762939453,82.45751953125,26
26.472195702781633,0.8338892340711778,118.50725555419922,86.65301513671875,28
26.697321621930755,0.8026365957288174,118.70250701904297,90.24749755859375,30
26.697321621930755,0.8182607921914231,118.70250701904297,88.45050048828125,29
27.1481540444219,0.7791870341063183,119.09351348876953,92.94451904296875,32
27.1481540444219,0.7870033777547701,119.09351348876953,92.0455322265625,31
27.373266768475716,0.7635543468094147,119.28875350952148,94.74249267578125,33
27.598388289259773,0.7322969323727617,119.48400115966797,98.3375244140625,35
27.598388289259773,0.7479296196696653,119.48400115966797,96.53955078125,34
28.048640127558016,0.7088473707502626,119.87450408935547,101.0345458984375,37
28.048640127558016,0.716664245075858,119.87450408935547,100.135498046875,36
28.499472550049163,0.6775904869907533,120.26551055908203,104.6295166015625,39
28.499472550049163,0.6932146834533589,120.26551055908203,102.83251953125,38
28.95030497254028,0.6593489908557894,120.6565170288086,106.7275390625,41
28.95030497254028,0.661948778182408,120.6565170288086,106.42852783203125,40
29.400539217378153,0.6437163035588858,121.04700469970703,108.5255126953125,42
29.850791055676424,0.6280830855848385,121.43750762939453,110.32354736328125,43
30.30162347816757,0.6202757634478283,121.8285140991211,111.22149658203125,44
30.75243830719829,0.604642545473781,122.2195053100586,113.01953125,45
31.20269014549656,0.5890098581768773,122.6100082397461,114.8175048828125,46
31.20269014549656,0.5890098581768773,122.6100082397461,114.8175048828125,47
31.652941983794832,0.57337664020283,123.0005111694336,116.61553955078125,48
32.10261323790023,0.5590523374035337,123.39051055908203,118.26303100585938,49
32.10261323790023,0.5603564764839921,123.39051055908203,118.113037109375,50
32.5528650761985,0.5447280346042374,123.78101348876953,119.9105224609375,51
33.004260489422094,0.5290953473073337,124.1725082397461,121.70849609375,52
33.004260489422094,0.5290953473073337,124.1725082397461,121.70849609375,53
33.679633848504395,0.5134621293332864,124.75825881958008,123.50653076171875,54
34.130167182168904,0.5108538511723699,125.14900588989258,123.8065185546875,55
34.8064114175405,0.4952296547097641,125.73551177978516,125.603515625,56
35.2560826716459,0.49001309838793095,126.1255111694336,126.2034912109375,57
35.93202341982577,0.4743841258310326,126.71175384521484,128.00103759765625,58
36.38227525812404,0.46917606034349735,127.10225677490234,128.60003662109375,59
37.28334632381812,0.4587556839512781,127.88375473022461,129.79852294921875,60
38.1841314957809,0.4509393403028261,128.6650047302246,130.697509765625,61
38.860366934422316,0.4353103677459278,129.25150299072266,132.49505615234375,62
39.53545439977326,0.4300980568412436,129.83700561523438,133.09454345703125,63
40.43624397010113,0.4196776804490243,130.61825942993164,134.29302978515625,64
41.33760092952657,0.4092573040568048,131.40000534057617,135.49151611328125,65
42.23838170312423,0.39883215157029284,132.1812515258789,136.6905517578125,66
43.138885379720776,0.3910203186775618,132.9622573852539,137.58901977539062,67
44.49107036327224,0.38060418770249127,134.13500595092773,138.78701782226562,68
45.39156084477348,0.3701771778459766,134.91600036621094,139.98626708984375,69
46.292064521369994,0.3701750551374021,135.69700622558594,139.98651123046875,70
47.19371617125698,0.3597589241623316,136.47900772094727,141.18450927734375,71
48.54445849105646,0.34933615972296583,137.65050506591797,142.38327026367188,72
49.22011774387012,0.3493337716758196,138.23650360107422,142.383544921875,73
49.89607608551036,0.333709575213214,138.82276153564453,144.1805419921875,74
50.34660941917487,0.33110341976087176,139.21350860595703,144.48028564453125,75
51.24739459113765,0.3311012970522973,139.99475860595703,144.48052978515625,76
52.1481797631004,0.3206830433686523,140.77600860595703,145.67877197265625,77
53.49949826872766,0.3206830433686523,141.94800567626953,145.67877197265625,78
54.40057373278687,0.3206830433686523,142.72950744628906,145.67877197265625,79
55.30164479848098,0.32068516607722675,143.51100540161133,145.67852783203125,80
56.202724660905275,0.31025815622071207,144.29251098632812,146.87777709960938,81
57.553471379069876,0.31025815622071207,145.4640121459961,146.87777709960938,82
58.454823940130225,0.3102605442678583,146.24575424194336,146.87750244140625,83
59.355032926265224,0.29983976986778127,147.02650451660156,148.07603454589844,84
60.2561083903244,0.29983976986778127,147.8080062866211,148.07603454589844,85
61.157474146480055,0.29983990253706727,148.58975982666016,148.07601928710938,86
62.508502360010894,0.28942138351485047,149.76150512695312,149.2742919921875,87
63.40900603660741,0.28942138351485047,150.54251098632812,149.2742919921875,88
64.31007710230152,0.289419260806276,151.3240089416504,149.2745361328125,89
65.2111481679956,0.2789988844140565,152.10550689697266,150.4730224609375,90
66.56303846108555,0.2789988844140565,153.2779998779297,150.4730224609375,91
67.4635421376821,0.2789988844140565,154.0590057373047,150.4730224609375,92
68.36461760174127,0.2789988844140565,154.84050750732422,150.4730224609375,93
69.26540277370405,0.2789988844140565,155.62175750732422,150.4730224609375,94
70.16560736147396,0.27118254076560455,156.40250396728516,151.37200927734375,95
71.5175064512941,0.27118254076560455,157.57500457763672,151.37200927734375,96
72.41915370281596,0.27118254076560455,158.35700225830078,151.37200927734375,97
73.31964858268229,0.27118254076560455,159.13800048828125,151.37200927734375,98
74.22015225927883,0.27118254076560455,159.91900634765625,151.37200927734375,99
75.57205134909897,0.2607620317040993,161.0915069580078,152.5705108642578,100
76.4725462289653,0.2607620317040993,161.87250518798828,152.5705108642578,101
77.3736216930245,0.2607620317040993,162.6540069580078,152.5705108642578,102
78.27469715708368,0.2607620317040993,163.43550872802734,152.5705108642578,103
79.17519203695004,0.2607620317040993,164.2165069580078,152.5705108642578,104
80.52680083467372,0.26075765361766434,165.38875579833984,152.57101440429688,105
81.4275860066365,0.2503436453511685,166.17000579833984,153.76876831054688,106
82.3286614706957,0.2503436453511685,166.95150756835938,153.76876831054688,107
83.22973693475488,0.2503436453511685,167.7330093383789,153.76876831054688,108
84.13081239881409,0.2503436453511685,168.51451110839844,153.76876831054688,109
85.48155911697869,0.2503436453511685,169.6860122680664,153.76876831054688,110
86.3826257843077,0.2503436453511685,170.4675064086914,153.76876831054688,111
87.28312066417404,0.2503436453511685,171.24850463867188,153.76876831054688,112
88.18419612823324,0.2503436453511685,172.0300064086914,153.76876831054688,113
89.5355190322256,0.25034603339831474,173.20200729370117,153.76849365234375,114
90.4365900979197,0.23992300362037722,173.98350524902344,154.96728515625,115
91.33709377451622,0.23992300362037722,174.76451110839844,154.96728515625,116
92.23758865438255,0.23992300362037722,175.5455093383789,154.96728515625,117
93.13923590590444,0.23992300362037722,176.32750701904297,154.96728515625,118
94.4905544115317,0.23992300362037722,177.49950408935547,154.96728515625,119
95.39104929139803,0.23992300362037722,178.28050231933594,154.96728515625,120
96.29212475545724,0.23992300362037722,179.06200408935547,154.96728515625,121
97.1937720069791,0.23992300362037722,179.84400177001953,154.96728515625,122
98.5445187251437,0.23992300362037722,181.0155029296875,154.96728515625,123
99.44531269383667,0.23992088091180275,181.79676055908203,154.967529296875,124
100.34609786579942,0.22950262722815773,182.57801055908203,156.165771484375,125
101.24716453312844,0.22950262722815773,183.35950469970703,156.165771484375,126
102.14823999718764,0.22950262722815773,184.14100646972656,156.165771484375,127
103.50071087447044,0.22950262722815773,185.31400299072266,156.165771484375,128
104.40178633852965,0.22950262722815773,186.0955047607422,156.165771484375,129
105.30229001512616,0.22950262722815773,186.8765106201172,156.165771484375,130
106.20278489499252,0.22950262722815773,187.65750885009766,156.165771484375,131
107.55410340061978,0.22950262722815773,188.82950592041016,156.165771484375,132
108.45459828048611,0.22950262722815773,189.61050415039062,156.165771484375,133
109.35510195708262,0.22950262722815773,190.39151000976562,156.165771484375,134
110.25617742114183,0.22950262722815773,191.17301177978516,156.165771484375,135
111.15782467266372,0.22950262722815773,191.95500946044922,156.165771484375,136
112.50914757665608,0.2295047499367322,193.12701034545898,156.16552734375,137
113.41021864235019,0.21908225083593824,193.90850830078125,157.3642578125,138
114.31071352221652,0.21908225083593824,194.68950653076172,157.3642578125,139
115.21120840208285,0.21908225083593824,195.4705047607422,157.3642578125,140
116.56253570444032,0.21908225083593824,196.64250946044922,157.3642578125,141
117.46303058430665,0.21908225083593824,197.4235076904297,157.3642578125,142
118.36410604836585,0.21908225083593824,198.20500946044922,157.3642578125,143
119.26575329988772,0.21908225083593824,198.98700714111328,157.3642578125,144
120.16682876394692,0.21908225083593824,199.7685089111328,157.3642578125,145
121.51814726957419,0.21908225083593824,200.9405059814453,157.3642578125,146
122.41864214944052,0.21908225083593824,201.72150421142578,157.3642578125,147
123.31913702930684,0.21908225083593824,202.50250244140625,157.3642578125,148
124.22021249336605,0.21908225083593824,203.28400421142578,157.3642578125,149
125.57095921153065,0.21908225083593824,204.45550537109375,157.3642578125,150
126.47203467558985,0.21908225083593824,205.23700714111328,157.3642578125,151
127.37311013964906,0.21908225083593824,206.0185089111328,157.3642578125,152
128.2747573911709,0.21908225083593824,206.80050659179688,157.3642578125,153
129.17640464269277,0.21908225083593824,207.58250427246094,157.3642578125,154
130.5265795733947,0.21908225083593824,208.75350952148438,157.3642578125,155
131.42765503745392,0.21908225083593824,209.5350112915039,157.3642578125,156
132.32843581105158,0.21908012812736377,210.31625747680664,157.364501953125,157
133.22921658464924,0.2112678972267752,211.09750366210938,158.2630157470703,158
134.12972026124578,0.2112678972267752,211.87850952148438,158.2630157470703,159
135.4821911385286,0.2112678972267752,213.05150604248047,158.2630157470703,160
136.3832666025878,0.2112678972267752,213.8330078125,158.2630157470703,161
137.284342066647,0.2112678972267752,214.61450958251953,158.2630157470703,162
138.18483694651331,0.2112678972267752,215.3955078125,158.2630157470703,163
139.53615545214058,0.2112678972267752,216.5675048828125,158.2630157470703,164
140.43723091619978,0.2112678972267752,217.34900665283203,158.2630157470703,165
141.33715400860348,0.2112678972267752,218.12950897216797,158.2630157470703,166
142.23822067593244,0.2112678972267752,218.91100311279297,158.2630157470703,167
143.13929613999164,0.2112678972267752,219.6925048828125,158.2630157470703,168
144.49005165488643,0.2112678972267752,220.864013671875,158.2630157470703,169
145.39111832221545,0.2112678972267752,221.6455078125,158.2630157470703,170
146.29276557373737,0.2112678972267752,222.42750549316406,158.2630157470703,171
147.19326925033386,0.2112678972267752,223.20851135253906,158.2630157470703,172
148.54574892434687,0.2112678972267752,224.3815155029297,158.2630157470703,173
149.44567201675056,0.2112678972267752,225.16201782226562,158.2630157470703,174
150.34615809988668,0.2112678972267752,225.94300842285156,158.2630157470703,175
151.2472247672157,0.2112678972267752,226.72450256347656,158.2630157470703,176
152.14772844381218,0.2112678972267752,227.50550842285156,158.2630157470703,177
153.4990469494395,0.2112678972267752,228.67750549316406,158.2630157470703,178
154.40069420096137,0.2112678972267752,229.45950317382812,158.2630157470703,179
155.30234145248323,0.2112678972267752,230.2415008544922,158.2630157470703,180
156.20284512907978,0.2112678972267752,231.0225067138672,158.2630157470703,181
157.55358305051413,0.2112678972267752,232.19400024414062,158.2630157470703,182
158.45524789549643,0.2112678972267752,232.97601318359375,158.2630157470703,183
159.35631456282545,0.2112678972267752,233.75750732421875,158.2630157470703,184
160.25593856640245,0.2112677645574892,234.53775024414062,158.26303100585938,185
161.1573043225581,0.20084500011812345,235.3195037841797,159.4617919921875,186
162.5080598374529,0.20084500011812345,236.4910125732422,159.4617919921875,187
163.40970708897476,0.20084500011812345,237.27301025390625,159.4617919921875,188
164.31135434049662,0.20084500011812345,238.0550079345703,159.4617919921875,189
165.21184042363274,0.20084500011812345,238.83599853515625,159.4617919921875,190
166.56259593852758,0.20084500011812345,240.00750732421875,159.4617919921875,191
167.46366260585654,0.20084500011812345,240.78900146484375,159.4617919921875,192
168.36416628245308,0.20084500011812345,241.57000732421875,159.4617919921875,193
169.26466995904963,0.20084500011812345,242.35101318359375,159.4617919921875,194
170.16573662637865,0.20084500011812345,243.13250732421875,159.4617919921875,195
171.51763571619875,0.20084500011812345,244.3050079345703,159.4617919921875,196
172.41928296772062,0.20084500011812345,245.08700561523438,159.4617919921875,197
173.31978664431716,0.20084500011812345,245.86801147460938,159.4617919921875,198
174.22027272745328,0.20084500011812345,246.6490020751953,159.4617919921875,199
175.57160882654097,0.20084500011812345,247.82101440429688,159.4617919921875,200
176.47267549386999,0.20084500011812345,248.60250854492188,159.4617919921875,201
177.37374216119895,0.20084500011812345,249.38400268554688,159.4617919921875,202
178.27482642198834,0.20084500011812345,250.16551208496094,159.4617919921875,203
179.17589308931736,0.20084500011812345,250.94700622558594,159.4617919921875,204
180.5260680200193,0.20084500011812345,252.11801147460938,159.4617919921875,205
181.42771527154116,0.20084500011812345,252.90000915527344,159.4617919921875,206
182.32936252306303,0.20084500011812345,253.6820068359375,159.4617919921875,207
183.22986619965957,0.20084500011812345,254.4630126953125,159.4617919921875,208
184.13035228279568,0.20084500011812345,255.24400329589844,159.4617919921875,209
185.48226896607622,0.20084500011812345,256.41651916503906,159.4617919921875,210
186.38219205847992,0.20084500011812345,257.197021484375,159.4617919921875,211
187.28211515088356,0.20084500011812345,257.97752380371094,159.4617919921875,212
188.18260123401967,0.20084500011812345,258.7585144042969,159.4617919921875,213
189.53566149222559,0.20084500011812345,259.93202209472656,159.4617919921875,214
190.43674575301497,0.20084500011812345,260.7135314941406,159.4617919921875,215
191.33781242034394,0.20084500011812345,261.4950256347656,159.4617919921875,216
192.23887908767296,0.20084500011812345,262.2765197753906,159.4617919921875,217
193.1393827642695,0.20084500011812345,263.0575256347656,159.4617919921875,218
194.49070126989676,0.20084500011812345,264.2295227050781,159.4617919921875,219
195.3912049464933,0.20084500011812345,265.0105285644531,159.4617919921875,220
196.29227161382232,0.20084500011812345,265.7920227050781,159.4617919921875,221
197.19333828115128,0.20084500011812345,266.5735168457031,159.4617919921875,222
198.5458179551643,0.20084500011812345,267.74652099609375,159.4617919921875,223
199.44690221595368,0.20084500011812345,268.5280303955078,159.4617919921875,224
200.3479688832827,0.20084500011812345,269.3095245361328,159.4617919921875,225
201.24845496641882,0.20084500011812345,270.09051513671875,159.4617919921875,226
202.14837805882252,0.20084500011812345,270.8710174560547,159.4617919921875,227
203.49911598025693,0.20084500011812345,272.0425109863281,159.4617919921875,228
204.40020024104632,0.20084500011812345,272.8240203857422,159.4617919921875,229
205.3012845018357,0.20084500011812345,273.60552978515625,159.4617919921875,230
206.20235116916473,0.20084500011812345,274.38702392578125,159.4617919921875,231
207.55425025898484,0.20084500011812345,275.5595245361328,159.4617919921875,232
208.4541557579281,0.20084500011812345,276.3400115966797,159.4617919921875,233
209.3552312219873,0.20084712282669792,277.1215133666992,159.4615478515625,234
210.25574369531404,0.19042037830875502,277.90252685546875,160.6607666015625,235
211.15681036264306,0.19042037830875502,278.68402099609375,160.6607666015625,236
212.50812886827032,0.19042037830875502,279.85601806640625,160.6607666015625,237
213.40919553559934,0.19042037830875502,280.63751220703125,160.6607666015625,238
214.31027979638873,0.19042037830875502,281.4190216064453,160.6607666015625,239
215.21136405717812,0.19042037830875502,282.2005310058594,160.6607666015625,240
216.56324555353785,0.19042037830875502,283.3730163574219,160.6607666015625,241
217.46431222086687,0.19042037830875502,284.1545104980469,160.6607666015625,242
218.36481589746336,0.19042037830875502,284.9355163574219,160.6607666015625,243
219.26590015825275,0.19042037830875502,285.71702575683594,160.6607666015625,244
220.16696682558177,0.19042037830875502,286.49851989746094,160.6607666015625,245
221.51886591540193,0.19042037830875502,287.6710205078125,160.6607666015625,246
222.41935199853805,0.19042037830875502,288.45201110839844,160.6607666015625,247
223.31927509094174,0.19042037830875502,289.2325134277344,160.6607666015625,248
224.22035935173113,0.19042037830875502,290.01402282714844,160.6607666015625,249
225.57225844155124,0.19042037830875502,291.1865234375,160.6607666015625,250
226.47332510888026,0.19042037830875502,291.968017578125,160.6607666015625,251
227.37381119201638,0.19042037830875502,292.74900817871094,160.6607666015625,252
228.27489545280577,0.19042037830875502,293.530517578125,160.6607666015625,253
229.17597971359515,0.19042037830875502,294.31202697753906,160.6607666015625,254
230.52613705083672,0.19042037830875502,295.48301696777344,160.6607666015625,255
231.42664072743327,0.19042037830875502,296.26402282714844,160.6607666015625,256
232.32772498822266,0.19042037830875502,297.0455322265625,160.6607666015625,257
233.22937223974452,0.19042037830875502,297.82752990722656,160.6607666015625,258
234.1310194912664,0.19042037830875502,298.6095275878906,160.6607666015625,259
235.48233799689365,0.19042037830875502,299.7815246582031,160.6607666015625,260
236.3828416734902,0.19042037830875502,300.5625305175781,160.6607666015625,261
237.2833277566263,0.19042037830875502,301.34352111816406,160.6607666015625,262
238.18439442395533,0.19042037830875502,302.12501525878906,160.6607666015625,263
239.53573052304296,0.19042037830875502,303.2970275878906,160.6607666015625,264
240.43679719037198,0.19042037830875502,304.0785217285156,160.6607666015625,265
241.337863857701,0.19042037830875502,304.8600158691406,160.6607666015625,266
242.23893052503,0.19042037830875502,305.6415100097656,160.6607666015625,267
243.1400147858194,0.19042037830875502,306.4230194091797,160.6607666015625,268
244.49133329144667,0.19042037830875502,307.5950164794922,160.6607666015625,269
245.39241755223605,0.19042037830875502,308.37652587890625,160.6607666015625,270
246.2929212288326,0.19042037830875502,309.15753173828125,160.6607666015625,271
247.1934073119687,0.19042037830875502,309.9385223388672,160.6607666015625,272
248.5441628268635,0.19042037830875502,311.1100311279297,160.6607666015625,273
249.44464890999967,0.19042037830875502,311.8910217285156,160.6607666015625,274
250.34571557732863,0.19042037830875502,312.6725158691406,160.6607666015625,275
251.24736282885056,0.19042037830875502,313.4545135498047,160.6607666015625,276
252.14901008037242,0.19042037830875502,314.23651123046875,160.6607666015625,277
253.4997655952672,0.19042037830875502,315.40802001953125,160.6607666015625,278
254.40083226259623,0.19042037830875502,316.18951416015625,160.6607666015625,279
255.3013359391927,0.19042037830875502,316.97052001953125,160.6607666015625,280
256.2024201999821,0.19042037830875502,317.7520294189453,160.6607666015625,281
257.5537387056094,0.19042037830875502,318.9240264892578,160.6607666015625,282
258.45422478874553,0.19042037830875502,319.70501708984375,160.6607666015625,283
259.3558720402674,0.19042037830875502,320.4870147705078,160.6607666015625,284
260.2569563010568,0.19042037830875502,321.2685241699219,160.6607666015625,285
261.15745997765333,0.19042037830875502,322.0495300292969,160.6607666015625,286
262.50993965166634,0.19042037830875502,323.2225341796875,160.6607666015625,287
263.41100631899536,0.19042037830875502,324.0040283203125,160.6607666015625,288
264.3114924021315,0.19042037830875502,324.78501892089844,160.6607666015625,289
265.2114154945351,0.19042037830875502,325.5655212402344,160.6607666015625,290
266.5627340001624,0.19042037830875502,326.7375183105469,160.6607666015625,291
267.4638182609518,0.19042037830875502,327.51902770996094,160.6607666015625,292
268.3648849282808,0.19042037830875502,328.30052185058594,160.6607666015625,293
269.26653217980265,0.19042037830875502,329.08251953125,160.6607666015625,294
270.1676164405921,0.19042037830875502,329.86402893066406,160.6607666015625,295
271.51719319364076,0.19042037830875502,331.0345153808594,160.6607666015625,296
272.41769687023725,0.19042037830875502,331.8155212402344,160.6607666015625,297
273.31878113102664,0.19042037830875502,332.59703063964844,160.6607666015625,298
274.22042838254856,0.19042037830875502,333.3790283203125,160.6607666015625,299
275.5711663039829,0.19042037830875502,334.55052185058594,160.6607666015625,300
276.47223297131194,0.19042037830875502,335.33201599121094,160.6607666015625,301
277.37389781629423,0.19042037830875502,336.11402893066406,160.6607666015625,302
278.2749644836232,0.19042037830875502,336.89552307128906,160.6607666015625,303
279.17545056675937,0.19042037830875502,337.676513671875,160.6607666015625,304
280.5267690723866,0.19042037830875502,338.8485107421875,160.6607666015625,305
281.427853333176,0.19042037830875502,339.63002014160156,160.6607666015625,306
282.3289375939654,0.19042037830875502,340.4115295410156,160.6607666015625,307
283.2294236771015,0.19042037830875502,341.19252014160156,160.6607666015625,308
284.1299097602377,0.19042037830875502,341.9735107421875,160.6607666015625,309
285.4823894342507,0.19042037830875502,343.1465148925781,160.6607666015625,310
286.3828931108472,0.19042037830875502,343.9275207519531,160.6607666015625,311
287.28339678744373,0.19042037830875502,344.7085266113281,160.6607666015625,312
288.18446345477275,0.19042037830875502,345.4900207519531,160.6607666015625,313
289.53636254459286,0.19042037830875502,346.6625213623047,160.6607666015625,314
290.4374292119219,0.19042037830875502,347.4440155029297,160.6607666015625,315
291.33851347271127,0.19042037830875502,348.22552490234375,160.6607666015625,316
292.23843656511497,0.19042037830875502,349.0060272216797,160.6607666015625,317
293.1389226482511,0.19042037830875502,349.7870178222656,160.6607666015625,318
294.49025874733877,0.19042037830875502,350.9590301513672,160.6607666015625,319
295.39190599886064,0.19042037830875502,351.74102783203125,160.6607666015625,320
296.2929726661896,0.19042037830875502,352.52252197265625,160.6607666015625,321
297.19347634278614,0.19042037830875502,353.30352783203125,160.6607666015625,322
298.5453754326063,0.19042037830875502,354.4760284423828,160.6607666015625,323
299.4458791092028,0.19042037830875502,355.2570343017578,160.6607666015625,324
