age,consumption,wealth,income,saving,alpha,cash,wealth_SE,alpha_p05,alpha_p95
20,11.8825240463668,0,16.43029924075,4.54777519438321,0.999999999534339,16.43029924075,0,0.999999999534339,0.999999999534339
21,12.8780699894548,4.83669890527432,17.5521377353098,9.51076665112934,0.999995665513767,22.3888366405841,0.0142389538980055,0.999999999534339,0.999999999534339
22,13.6826872942874,10.0894240600641,18.7030104153129,15.1097471810897,0.999931102305111,28.7924344753771,0.0206595488464396,0.999999999534339,0.999999999534339
23,14.4522926326208,16.0239616476344,19.7975789712194,21.369247986233,0.999488656867416,35.8215406188538,0.0271697576255134,0.999999999534339,0.999999999534339
24,15.2235853567613,22.6720269894305,20.9328435380296,28.3812851706988,0.997059264744053,43.6048705274601,0.0339103098761454,0.999999999534339,0.999999999534339
25,16.0039153702787,30.0582015021099,22.0264310600589,36.0807171918902,0.989451523843884,52.0846325621688,0.0417745207306539,0.911699479718407,0.999999999534339
26,16.7907008858335,38.2466332732517,23.0582116423125,44.5141440297306,0.972132376989805,61.3048449155641,0.0502563794118407,0.807798028074932,0.999999999534339
27,17.5892516650329,47.1091803279993,24.1548812617814,53.6748099247478,0.944430893581109,71.2640615897807,0.0582425550964514,0.730705333743872,0.999999999534339
28,18.3908944662125,56.7356517396356,25.1582860646516,63.5030433380747,0.907321022621777,81.8939378042873,0.0671498619460596,0.669639516181214,0.999999999534339
29,19.2029378516226,67.0173914007875,26.1648975155158,73.9793510646806,0.862680151944447,93.1822889163033,0.076427901202275,0.617341109323655,0.999999999534339
30,20.0106577830292,77.936791078713,27.0675293010285,84.9936625967125,0.814839593496484,105.004320379742,0.0864038737635895,0.57866936247326,0.999999999534339
31,20.8251808576723,89.3297053519617,27.9452041685504,96.4497286628397,0.767221506597192,117.274909520512,0.0977793090379944,0.542615560076902,0.999999999534339
32,21.6503825619853,101.161584455547,28.8050954695455,108.316297363107,0.722104398270753,129.966679925092,0.10931115541297,0.511418836016488,0.999999999534339
33,22.4667462173707,113.550783375787,29.5250834114205,120.609120569836,0.680726688135307,143.075866787207,0.123307805620988,0.485962228207318,0.993719780980559
34,23.2905252633433,126.193118566401,30.352970925472,133.25556422853,0.64377950872357,156.546089491874,0.136368435273789,0.461100215982912,0.919309869906141
35,24.1215275210337,139.263093470901,30.96943324681,146.110999196678,0.610896384536468,170.232526717711,0.153846849247133,0.442678028307493,0.86040092367701
36,24.9519248014919,152.487536023257,31.5471740668818,159.082785288647,0.582109005076644,184.034710090139,0.169628595867688,0.424470890294897,0.807946609517813
37,25.7689685336627,165.855104621425,32.2336548854222,172.319790973185,0.556504417499168,198.088759506848,0.188049158313995,0.409730739270814,0.764160495280114
38,26.5987248876469,179.533943272012,32.6989478179539,185.634166202319,0.534197009114899,212.232891089966,0.208067453611544,0.394959876909581,0.731430231677921
39,27.4070472671769,193.218778886934,33.1786418118015,198.990373431558,0.513890088150093,226.397420698736,0.230936319038459,0.382233741862744,0.702249103676086
40,28.2343997470191,206.98513424976,33.6204870442086,212.371221546949,0.49606072677765,240.605621293968,0.253930200211473,0.371443852636948,0.667891925120626
41,29.0356169655948,220.705061076226,33.9068165331884,225.57626064382,0.48016886990762,254.611877609415,0.277832509932244,0.361216087088862,0.643829439840995
42,29.8580776062941,234.429607079635,34.2164659010664,238.787995374408,0.465881145914815,268.646072980702,0.305003102549715,0.351249592677377,0.621518232785137
43,30.6634005707822,247.928428191866,34.479942346196,251.74496996728,0.452893310527738,282.408370538063,0.330501670184036,0.343380525218703,0.600334128328028
44,31.480760430208,261.362152876923,34.5754056405355,264.45679808725,0.441412164952203,295.937558517459,0.354330904610864,0.335485090349925,0.585322836491003
45,32.27320470275,274.376700782652,34.9025905170761,277.006086596978,0.430932094829374,309.279291299728,0.379182997588004,0.328383484197775,0.56987067040064
46,33.071801327315,287.363369957182,34.9063239340547,289.197892563921,0.42186567771567,322.269693891236,0.407218272558555,0.321824968414644,0.557281474301234
47,33.8785026457209,299.761356729085,35.1363006310458,301.01915471441,0.413426252149873,334.897657360131,0.430982439235583,0.316628207445379,0.542807155740792
48,34.6737068858975,311.96043428503,35.0318432841316,312.318570683264,0.406250132986651,346.992277569162,0.460487950544486,0.309868586350992,0.534836222609821
49,35.4894600473864,323.577563730685,35.2815607185955,323.369664401894,0.399799976683498,358.859124449281,0.483947595144802,0.305139060159413,0.524872580742119
50,36.2801054319,335.011068602232,35.2353073767028,333.966270547035,0.393970158506922,370.246375978935,0.507691221913724,0.300853200014808,0.517583720338543
51,37.0931397019056,345.707406245544,35.2212275057299,343.835494049369,0.388945292611721,380.928633751274,0.534117699517728,0.295569795387114,0.513023902176491
52,37.8896834607339,356.116631182521,35.2140434814761,353.440991203263,0.384481310283419,391.330674663997,0.558883753232262,0.292072489940018,0.507503546450619
53,38.6862570930568,365.894916684766,35.1803800071526,362.389039598862,0.380747189879687,401.075296691918,0.58312900171815,0.288741285942838,0.504124066504481
54,39.495031898237,375.122408451905,35.2074498904989,370.834826444167,0.377609878789281,410.329858342405,0.614104115180186,0.284884795862788,0.501929990509291
55,40.3003905530015,383.77240390457,35.1849701939367,378.656983545505,0.375152307410591,418.957374098506,0.638442304809086,0.282635211216528,0.500000279662821
56,41.1215176986535,391.889461123714,35.2113823001061,385.979325725167,0.373135162858695,427.10084342382,0.662529584251857,0.27982984814819,0.498573729113181
57,41.9301717010298,399.591660492067,35.141074110441,392.802562901478,0.371643086861247,434.732734602508,0.693919293994858,0.277023992800425,0.499955656172603
58,42.7699149842159,406.559108424999,35.1485455138631,398.937738954646,0.370805323927767,441.707653938862,0.716259839092114,0.27503957064833,0.500072286707299
59,43.6272555017281,412.87029476028,35.1559813491377,404.399020607689,0.370513694489796,448.026276109418,0.742530582868111,0.272802586707042,0.502043742981712
60,44.4823737683684,418.270883611313,35.3330607725005,409.121570615446,0.37085520790269,453.603944383814,0.762495055220285,0.271131734384468,0.506525415175498
61,45.3290323599551,423.337737488643,35.3414881325996,413.350193261288,0.371660546613048,458.679225621242,0.781979439358986,0.269421721589348,0.511008103727881
62,46.2121982205718,427.965519216146,35.3785262058005,417.131847201374,0.373171344601287,463.344045421946,0.80647980490537,0.267767949019819,0.515495702438957
63,47.1139314583553,431.645900839684,35.4893303642947,420.021299745624,0.375407496770716,467.13523120398,0.8288519318221,0.266220365444567,0.522233811116935
64,48.0133581729722,434.633314234398,35.6658505637417,422.285806625168,0.378343912746801,470.29916479814,0.847089501334584,0.26495404356252,0.530459599849078
65,48.9220385587718,437.023617231752,35.9966089097581,424.098187582739,0.381920165125498,473.020226141511,0.863515635205784,0.263819278212346,0.539355499412206
66,48.8715292394353,439.053777241558,23.655353148525,413.837601150647,0.383740586594764,462.709130390083,0.885043085821774,0.263936919491182,0.547089123364589
67,48.8113804414107,428.437164586026,23.655353148525,403.281137293139,0.385623346131741,452.09251773455,0.871223444501725,0.264074124260624,0.55375243265317
68,48.7399813475255,417.517673468371,23.655353148525,392.433045269371,0.387750126379515,441.173026616896,0.86076174651711,0.264293367047422,0.561301703786381
69,48.6697832052849,406.538930540725,23.655353148525,381.524500483964,0.389951415099494,430.194283689249,0.858356317184093,0.264204482032891,0.569409003157288
70,48.5663986843396,394.89287491701,23.655353148525,369.981829381195,0.39241870426616,418.548228065534,0.838693681542276,0.264313486457462,0.577078310197663
71,48.4592701767871,383.177398222153,23.655353148525,358.373481193892,0.395074632424455,406.832751370679,0.823802573163385,0.264156984569306,0.586830952443201
72,48.3369946062857,371.213059706182,23.655353148525,346.531418248422,0.398017716556706,394.868412854707,0.802508105790149,0.264649851247934,0.596484230682664
73,48.1914949240957,358.871632338551,23.655353148525,334.335490562981,0.40116666093584,382.526985487076,0.783779437474256,0.264716703182002,0.604846780844394
74,48.0249046492949,346.237156190098,23.655353148525,321.867604689328,0.404593735875961,369.892509338622,0.765318454900721,0.265149654045427,0.618010522943165
75,47.8351369688248,333.269296453383,23.655353148525,309.089512633084,0.408206689156006,356.924649601908,0.74188671105231,0.265596802585491,0.627376703600709
76,47.6455718606596,320.387933260497,23.655353148525,296.397714548362,0.412125236775294,344.043286409021,0.723864038046188,0.265974476175339,0.639354152569757
77,47.4181264391881,307.020573721523,23.655353148525,283.25780043086,0.416497125009957,330.675926870048,0.701853271955961,0.266789142645899,0.654860317002589
78,47.1742479350845,293.536185152709,23.655353148525,270.017290366149,0.421078228722012,317.191538301234,0.684048883659991,0.267248454145087,0.670467489911743
79,46.8900936083921,279.649334063148,23.655353148525,256.41459360328,0.426379389737645,303.304687211673,0.661745577213308,0.267607900584242,0.690564959753256
80,46.5904511109768,265.773309514114,23.655353148525,242.838211551662,0.432001824358092,289.428662662639,0.637478370651861,0.26834110241635,0.709118034003048
81,46.2528010708216,251.68342015648,23.655353148525,229.085972234184,0.438221956720297,275.338773305005,0.614097976266068,0.269346701313665,0.731223967646354
82,45.884761866762,237.56491476718,23.655353148525,215.335506048944,0.445119889295804,261.220267915706,0.588407904074027,0.270020936128869,0.758999730501067
83,45.4759084387865,223.29251194843,23.655353148525,201.471956658169,0.452276100810393,246.947865096955,0.562052442815385,0.270906717905682,0.781993378292704
84,45.0285533798113,208.946508688855,23.655353148525,187.573308457568,0.460222342951598,232.60186183738,0.534721506279563,0.272290020556281,0.81439593364766
85,44.5447984732303,194.540012388059,23.655353148525,173.650567063354,0.468830151174181,218.195365536584,0.504607380777889,0.273406781995694,0.851192884029317
86,44.025258987787,180.175126493267,23.655353148525,159.805220654005,0.478240561882127,203.830479641792,0.475384367458019,0.275065764817423,0.889987053045365
87,43.451232244185,165.761181564198,23.655353148525,145.965302468538,0.488371184373592,189.416534712723,0.445164916518639,0.276566237406964,0.939782702720852
88,42.8334321221525,151.489771290815,23.655353148525,132.311692317187,0.499522784955971,175.14512443934,0.412857082670895,0.278064416407122,0.999999999534339
89,42.1683773542035,137.400874455019,23.655353148525,118.88785024934,0.511341125250146,161.056227603544,0.383347841258746,0.279720206163205,0.999999999534339
90,41.4505037303483,123.500591401186,23.655353148525,105.705440819363,0.523750981160654,147.155944549711,0.352376387988025,0.281528012652413,0.999999999534339
91,40.6734286807256,109.808613021197,23.655353148525,92.7905374889966,0.536743292569902,133.463966169722,0.319532991085989,0.283389549513514,0.999999999534339
92,39.8245810212246,96.3467780571142,23.655353148525,80.1775501844147,0.550841289037436,120.002131205639,0.285337907127898,0.285383190674341,0.999999999534339
93,38.9228803403212,83.3199876996329,23.655353148525,68.0524605078366,0.565318593119546,106.975340848158,0.254025657959024,0.287703306397161,0.999999999534339
94,37.9645966187149,70.7238605098101,23.655353148525,56.4146170396202,0.580309117955481,94.3792136583351,0.22239231110898,0.290285672109129,0.999999999534339
95,36.9685641097558,58.6778414040418,23.655353148525,45.3646304428111,0.595693480869055,82.3331945525669,0.189572222381366,0.293492034669169,0.999999999534339
96,35.9358143268036,47.1878429048639,23.655353148525,34.9073817265853,0.611272111071002,70.8431960533889,0.158164722423792,0.296354151295807,0.999999999534339
97,34.8681439851186,36.3144242912855,23.655353148525,25.101633454692,0.627259114615856,59.9697774398105,0.126278340846887,0.299719867405451,0.999999999534339
98,33.7777074263285,26.1097192983625,23.655353148525,15.9873650205589,0.64342000733986,49.7650724468874,0.0943335023482412,0.303517257376841,0.999999999534339
99,32.6877274403316,16.6548411423191,23.655353148525,7.62246685051258,0.659694673817953,40.3101942908442,0.0626833178748672,0.307304901605804,0.999999999534339
100,31.5940418898598,7.9386887413348,23.655353148525,0,0,31.5940418898598,0.0314175660609079,0,0
