panel,age,cash,paper,canonical,difference
A,99,20,1.00061923642527,0.999999999534339,-0.000619236890927244
A,99,25,0.962165520577734,0.999999999534339,0.0378344789566045
A,99,30,0.625499149213051,0.760372624635418,0.134873475422367
A,99,35,0.492983867961238,0.568560212720255,0.0755763447590167
A,99,40,0.424724171346601,0.470249746454483,0.0455255751078822
A,99,45,0.374711161127036,0.410509950592999,0.0357987894659627
A,99,50,0.333108416861239,0.370330590632742,0.0372221737715026
A,99,55,0.320684455474008,0.341478178420745,0.0207937229467378
A,99,60,0.299839769867781,0.319749063026301,0.0199092931585191
A,99,65,0.281440693355451,0.302790270481324,0.0213495771258732
A,99,70,0.272620485056915,0.289190035670688,0.0165695506137725
A,99,75,0.265171433494382,0.278038920345599,0.012867486851217
A,99,80,0.260759360013474,0.268736335831128,0.00797697581765466
A,99,85,0.250343645351169,0.260847795193198,0.0105041498420294
A,99,90,0.244973206389752,0.2540825263826,0.00910931999284814
A,99,95,0.239923003620377,0.248209468386933,0.00828646476655562
A,99,100,0.233505507690112,0.243069457841487,0.00956395015137429
A,99,105,0.229502627228158,0.238527493143381,0.00902486591522306
A,99,110,0.229502627228158,0.234488820106884,0.00498619287872634
A,99,115,0.219082250835939,0.230873625982388,0.0117913751464497
A,99,120,0.219082250835939,0.22761483080764,0.00853257997170145
A,99,125,0.219082250835939,0.224668565418348,0.0055863145824091
A,99,130,0.219082250835939,0.221985726644126,0.00290347580818684
A,99,135,0.211267897226775,0.21953959689742,0.00827169967064501
A,99,140,0.211267897226775,0.217293521268727,0.00602562404195189
A,99,145,0.211267897226775,0.215225792096078,0.00395789486930284
A,99,150,0.211267897226775,0.21331702336701,0.00204912614023503
A,99,155,0.211267897226775,0.211549912587356,0.000282015360580784
A,99,160,0.211267802301243,0.20990903836263,-0.00135876393861356
A,99,165,0.200845000118124,0.208380666190843,0.00753566607271933
A,99,170,0.200845000118124,0.206952577611122,0.0061075774929979
A,99,175,0.200845000118124,0.205614296700332,0.00476929658220793
A,99,180,0.200845000118124,0.204365169264918,0.00352016914679401
A,99,185,0.200845000118124,0.203187853916731,0.00234285379860744
A,99,190,0.200845000118124,0.20207991210988,0.00123491199175596
A,99,195,0.200845000118124,0.20103607732342,0.000191077205296764
A,99,200,0.200845000118124,0.200048897724331,-0.000796102393792769
A,99,205,0.200845000118124,0.199115303202405,-0.00172969691571828
A,99,210,0.193381552364751,0.198231773150752,0.00485022078600097
A,99,215,0.190420378308755,0.197390250857542,0.0069698725487867
A,99,220,0.190420378308755,0.196594618983061,0.00617424067430564
A,99,225,0.190420378308755,0.195836597601248,0.00541621929249247
A,99,230,0.190420378308755,0.195113006866131,0.00469262855737554
A,99,235,0.190420378308755,0.194422805153155,0.00400242684440003
A,99,240,0.190420378308755,0.193766547886089,0.00334616957733425
A,99,245,0.190420378308755,0.193138560383769,0.00271818207501373
A,99,250,0.190420378308755,0.192537268111917,0.00211688980316133
A,99,255,0.190420378308755,0.191961182427056,0.00154080411830063
A,99,260,0.190420378308755,0.191408894684583,0.000988516375827281
A,99,265,0.190420378308755,0.190879075191607,0.000458696882851273
A,99,270,0.190420378308755,0.190370466631483,-4.99116772723907e-05
A,99,275,0.190420378308755,0.189881879120079,-0.000538499188676267
A,99,280,0.190420378308755,0.189412192370621,-0.00100818593813401
A,99,285,0.190420378308755,0.188960344855171,-0.00146003345358409
A,99,290,0.190420378308755,0.188525337103654,-0.00189504120510087
A,99,295,0.190420378308755,0.188106223854959,-0.00231415445379665
B,20,10,0.99960888314413,0.999999999534339,0.000391116390209056
B,20,15,0.99960888314413,0.999999999534339,0.000391116390209056
B,20,20,0.953386568038677,0.999999999534339,0.0466134314956613
B,20,25,0.803765010821161,0.999999999534339,0.196234988713178
B,20,30,0.702512594120998,0.999999999534339,0.297487405413341
B,20,35,0.627864274741894,0.999999999534339,0.372135724792445
B,20,40,0.578696481853415,0.999999999534339,0.421303517680923
B,20,45,0.531304247429532,0.999999999534339,0.468695752104807
B,20,50,0.499864531379442,0.999999999534339,0.500135468154897
B,20,55,0.471412335766847,0.999999999534339,0.528587663767492
B,20,60,0.449625140747101,0.999999999534339,0.550374858787238
B,20,65,0.430563771203176,0.962470465040579,0.531906693837403
B,20,70,0.41180199034632,0.906594608525956,0.494792618179636
B,20,75,0.400617954006026,0.858278283307483,0.457660329301457
B,20,80,0.3897335063528,0.816105364264275,0.426371857911475
B,20,85,0.381556584462101,0.779092920997909,0.397536336535808
B,20,90,0.370672136808876,0.746482207557165,0.37581007074829
B,20,95,0.359769389442355,0.71750850551494,0.357739116072585
B,20,100,0.351610489996568,0.691640903192455,0.340030413195887
B,20,105,0.340716892486694,0.668431640819216,0.327714748332522
B,20,110,0.340716892486694,0.647473715413468,0.306756822926773
B,20,115,0.329832444833469,0.628425698575094,0.298593253741625
B,20,120,0.329588358584388,0.611058920400674,0.281470561816286
B,20,125,0.32165552294277,0.595134335667083,0.273478812724313
B,20,130,0.32165552294277,0.580512804124636,0.258857281181867
B,20,135,0.310780225146192,0.567000626856373,0.256220401710181
B,20,140,0.310780225146192,0.554480194462723,0.243699969316531
B,20,145,0.299877477779671,0.542846392266087,0.242968914486416
B,20,150,0.299877477779671,0.532006450692893,0.232128972913222
B,20,155,0.299877477779671,0.521878576806294,0.222001099026623
B,20,160,0.291718855602267,0.51238824065444,0.220669385052173
B,20,165,0.291718855602267,0.503467029866778,0.211748174264512
B,20,170,0.291718855602267,0.495097506899792,0.203378651297525
B,20,175,0.291718855602267,0.487199576118054,0.195480720515788
B,20,180,0.280825258092394,0.479717921978833,0.198892663886439
B,20,185,0.280825258092394,0.472673523170028,0.191848265077634
B,20,190,0.280825258092394,0.465960630998595,0.185135372906202
B,20,195,0.280825258092394,0.459622412614596,0.178797154522202
B,20,200,0.280825258092394,0.453567723955399,0.172742465863005
B,20,205,0.269940810439168,0.447822225770587,0.177881415331419
B,20,210,0.269940810439168,0.442339730485155,0.172398920045987
B,20,215,0.269940810439168,0.437091421523714,0.167150611084547
B,20,220,0.269940810439168,0.432094109843828,0.162153299404661
B,20,225,0.269940810439168,0.427311826557969,0.157371016118801
B,20,230,0.269120242997656,0.422723495986046,0.153603252988391
B,20,235,0.259028913216,0.418318527428308,0.159289614212308
B,20,240,0.259028913216,0.414092945018897,0.155064031802897
B,20,245,0.259028913216,0.41004464836774,0.151015735151741
B,20,250,0.259028913216,0.406149274007962,0.147120360791963
B,20,255,0.259028913216,0.402398486866551,0.143369573650551
B,20,260,0.259028913216,0.398784516082473,0.139755602866474
B,20,265,0.259028913216,0.395300256351229,0.136271343135229
B,20,270,0.259028913216,0.3919388521652,0.132909938949201
B,20,275,0.25087916362686,0.388693631482659,0.137814467855799
B,20,280,0.25087916362686,0.385558292473671,0.134679128846811
B,20,285,0.25087916362686,0.382527166035098,0.131648002408238
B,20,290,0.25087916362686,0.379594906899297,0.128715743272437
B,20,295,0.25087916362686,0.376756215925563,0.125877052298703
B,30,20,0.99960888314413,0.999999999534339,0.000391116390209056
B,30,25,0.99960888314413,0.999999999534339,0.000391116390209056
B,30,30,0.99960888314413,0.999999999534339,0.000391116390209056
B,30,35,0.99960888314413,0.999999999534339,0.000391116390209056
B,30,40,0.99960888314413,0.999999999534339,0.000391116390209056
B,30,45,0.99960888314413,0.999999999534339,0.000391116390209056
B,30,50,0.99960888314413,0.999999999534339,0.000391116390209056
B,30,55,0.99960888314413,0.999999999534339,0.000391116390209056
B,30,60,0.99960888314413,0.999999999534339,0.000391116390209056
B,30,65,0.99960888314413,0.999999999534339,0.000391116390209056
B,30,70,0.99960888314413,0.999999999534339,0.000391116390209056
B,30,75,0.99960888314413,0.999999999534339,0.000391116390209056
B,30,80,0.99960888314413,0.974832785530745,-0.0247760976133847
B,30,85,0.99960888314413,0.925674813034671,-0.0739340701094587
B,30,90,0.99960888314413,0.882411600575089,-0.117197282569041
B,30,95,0.99960888314413,0.844055784962403,-0.155553098181727
B,30,100,0.99960888314413,0.809893043407649,-0.189715839736481
B,30,105,0.99960888314413,0.779345308258101,-0.220263574886029
B,30,110,0.99960888314413,0.751887052476635,-0.247721830667494
B,30,115,0.99960888314413,0.727050525860089,-0.272558357284041
B,30,120,0.99960888314413,0.70443814754111,-0.295170735603019
B,30,125,0.99960888314413,0.683851192459685,-0.315757690684445
B,30,130,0.99960888314413,0.664939756526075,-0.334669126618054
B,30,135,0.99960888314413,0.647538920985376,-0.352069962158754
B,30,140,0.99960888314413,0.631492649079501,-0.368116234064628
B,30,145,0.99960888314413,0.61661655411333,-0.3829923290308
B,30,150,0.99960888314413,0.602785963464416,-0.396822919679714
B,30,155,0.99960888314413,0.589890391423446,-0.409718491720684
B,30,160,0.99960888314413,0.577837452976214,-0.421771430167916
B,30,165,0.99960888314413,0.566574416894465,-0.433034466249665
B,30,170,0.99882094579583,0.555991120718455,-0.442829825077376
B,30,175,0.979996663821229,0.546014574823581,-0.433982088997648
B,30,180,0.961495016644545,0.536628734019145,-0.4248662826254
B,30,185,0.939716971481446,0.527760763772602,-0.411956207708844
B,30,190,0.92149244511513,0.519359115974412,-0.402133329140717
B,30,195,0.909762004427648,0.511412906836854,-0.398349097590794
B,30,200,0.891892089461675,0.503861193262377,-0.388030896199298
B,30,205,0.879815909962114,0.496680963752986,-0.383134946209129
B,30,210,0.862581458972452,0.48986173200854,-0.372719726963912
B,30,215,0.848751162432931,0.483341855362173,-0.365409307070758
B,30,220,0.830808723221039,0.477129232728062,-0.353679490492977
B,30,225,0.818619618848129,0.471203179579319,-0.347416439268809
B,30,230,0.800853756167241,0.465524010846866,-0.335329745320375
B,30,235,0.789960158657368,0.460078128583208,-0.32988203007416
B,30,240,0.770997669186429,0.454858628657429,-0.316139040529
B,30,245,0.760014341460218,0.449867507266345,-0.310146834193872
B,30,250,0.749120743950344,0.445069912632784,-0.30405083131756
B,30,255,0.731616352491469,0.440455246518523,-0.291161105972947
B,30,260,0.719174649484811,0.436014033143439,-0.283160616341372
B,30,265,0.711006877450759,0.431736852003939,-0.27927002544682
B,30,270,0.691197947942481,0.427615339682525,-0.263582608259956
B,30,275,0.681061060253609,0.423641036910825,-0.257420023342784
B,30,280,0.669138185363343,0.419805707518955,-0.249332477844388
B,30,285,0.651106093199811,0.416101928158657,-0.235004165041154
B,30,290,0.640212495689938,0.412522450187794,-0.227690045502144
B,30,295,0.621159998734278,0.409060524658089,-0.212099474076189
B,55,20,0.999611101291196,0.999999999534339,0.000388898243143032
B,55,25,0.999611101291196,0.999999999534339,0.000388898243143032
B,55,30,0.999611101291196,0.999999999534339,0.000388898243143032
B,55,35,0.999611101291196,0.999999999534339,0.000388898243143032
B,55,40,0.999611101291196,0.999999999534339,0.000388898243143032
B,55,45,0.999611101291196,0.999999999534339,0.000388898243143032
B,55,50,0.999611101291196,0.999999999534339,0.000388898243143032
B,55,55,0.999611101291196,0.999999999534339,0.000388898243143032
B,55,60,0.999611101291196,0.999999999534339,0.000388898243143032
B,55,65,0.999611101291196,0.999999999534339,0.000388898243143032
B,55,70,0.999611101291196,0.999999999534339,0.000388898243143032
B,55,75,0.999611101291196,0.999999999534339,0.000388898243143032
B,55,80,0.999611101291196,0.999999999534339,0.000388898243143032
B,55,85,0.999611101291196,0.965043058206666,-0.0345680430845294
B,55,90,0.999611101291196,0.918771373077789,-0.0808397282134069
B,55,95,0.999611101291196,0.877721763350143,-0.121889337941053
B,55,100,0.999611101291196,0.841178629148881,-0.158432472142315
B,55,105,0.999611101291196,0.808424423124382,-0.191186678166813
B,55,110,0.999611101291196,0.778944048173773,-0.220667053117422
B,55,115,0.999611101291196,0.752273117953239,-0.247337983337957
B,55,120,0.999611101291196,0.72805938412278,-0.271551717168416
B,55,125,0.999611101291196,0.70596102258466,-0.293650078706536
B,55,130,0.986612220081614,0.6857093067279,-0.300902913353715
B,55,135,0.95714446468633,0.667047027247527,-0.290097437438803
B,55,140,0.92532602459096,0.649840857380099,-0.275485167210861
B,55,145,0.901590535135112,0.633904717331079,-0.267685817804033
B,55,150,0.879816014822542,0.619086063072748,-0.260729951749795
B,55,155,0.852859658178592,0.605269679815785,-0.247589978362807
B,55,160,0.834277294333329,0.59235245072452,-0.241924843608809
B,55,165,0.812944131562523,0.580272825036864,-0.232671306525659
B,55,170,0.79435403816504,0.568932324475969,-0.225421713689071
B,55,175,0.779079155356152,0.558246661559654,-0.220832493796498
B,55,180,0.760014236875726,0.54816132025383,-0.211852916621897
B,55,185,0.740955051429168,0.538668342017461,-0.202286709411706
B,55,190,0.730065092016574,0.529647728585822,-0.200417363430752
B,55,195,0.716069875146024,0.521137595125612,-0.194932280020411
B,55,200,0.700108774329658,0.513017037366975,-0.187091736962684
B,55,205,0.684915330714538,0.505340895965341,-0.179574434749197
B,55,210,0.67016739342664,0.498002955794709,-0.172164437631931
B,55,215,0.659273865233863,0.491014248963076,-0.168259616270787
B,55,220,0.651106023882715,0.484356680558724,-0.166749343323991
B,55,225,0.640214713837004,0.477979300481736,-0.162235413355268
B,55,230,0.62932239040774,0.471867852998385,-0.157454537409355
B,55,235,0.621153094874302,0.466044799161919,-0.155108295712383
B,55,240,0.610263097758302,0.460455083956844,-0.149808013801458
B,55,245,0.599375440554929,0.455085691191503,-0.144289749363426
B,55,250,0.591211073361612,0.449924881797735,-0.141286191563877
B,55,255,0.580317570783158,0.444961907996859,-0.135355662786299
B,55,260,0.569427055834476,0.440186229286483,-0.129240826547993
B,55,265,0.56125457023791,0.435588240689378,-0.125666329548532
B,55,270,0.550365616973456,0.431165726310002,-0.119199890663454
B,55,275,0.53947437624484,0.426899163296093,-0.112575212948747
B,55,280,0.531304178112435,0.422780290339883,-0.108523887772553
B,55,285,0.520412868066724,0.418801129393643,-0.101611738673082
B,55,290,0.514370951081416,0.414954482265032,-0.0994164688163841
B,55,295,0.50535827783234,0.411233746515358,-0.094124531316982
B,75,20,0.99960888314413,0.999999999534339,0.000391116390209056
B,75,25,0.99960888314413,0.999999999534339,0.000391116390209056
B,75,30,0.99960888314413,0.999999999534339,0.000391116390209056
B,75,35,0.99960888314413,0.999999999534339,0.000391116390209056
B,75,40,0.99960888314413,0.999999999534339,0.000391116390209056
B,75,45,0.99960888314413,0.999999999534339,0.000391116390209056
B,75,50,0.99960888314413,0.999999999534339,0.000391116390209056
B,75,55,0.99960888314413,0.999999999534339,0.000391116390209056
B,75,60,0.99960888314413,0.999999999534339,0.000391116390209056
B,75,65,0.999550728569831,0.999999999534339,0.000449270964507531
B,75,70,0.951009803613478,0.999999999534339,0.0489901959208607
B,75,75,0.903103075369907,0.958638331238787,0.0555352558688795
B,75,80,0.871648137928063,0.915663712502982,0.0440155745749196
B,75,85,0.841702320730913,0.877711571620712,0.0360092508897989
B,75,90,0.801999863523194,0.843957851074135,0.0419579875509405
B,75,95,0.770907661701708,0.813477992147175,0.0425703304454674
B,75,100,0.748010839202308,0.785755756257925,0.0377449170556169
B,75,105,0.719174649484811,0.760535534294118,0.0413608848093072
B,75,110,0.700104130084239,0.737392920877381,0.0372887907931426
B,75,115,0.681061060253609,0.716128950275672,0.0350678900220632
B,75,120,0.659273865233863,0.696480605085849,0.037206739851986
B,75,125,0.651106093199811,0.678207544858797,0.0271014516589864
B,75,130,0.629318898180065,0.661253258243454,0.0319343600633897
B,75,135,0.611357196075093,0.645383321809239,0.0340261257341455
B,75,140,0.599381953571179,0.63054384695322,0.0311618933820417
B,75,145,0.591214181537127,0.616622981024054,0.0254087994869265
B,75,150,0.571107079335083,0.603497430988108,0.0323903516530246
B,75,155,0.561250064626682,0.59110924229462,0.0298591776679384
B,75,160,0.550365616973456,0.579399607931736,0.0290339909582794
B,75,165,0.539472019463583,0.568302860106299,0.0288308406427162
B,75,170,0.531304247429532,0.557751180701717,0.0264469332721856
B,75,175,0.520410649919658,0.547744979344949,0.0273343294252912
B,75,180,0.509517052409785,0.538202363470849,0.0286853110610643
B,75,185,0.50164332268896,0.529079022968774,0.0274357002798136
B,75,190,0.501358152963998,0.520385225526287,0.0190270725622889
B,75,195,0.490473705310772,0.512037955576818,0.0215642502660459
B,75,200,0.479571235212635,0.50406325399431,0.0244920187816755
B,75,205,0.472536440046969,0.496396772753441,0.0238603327064719
B,75,210,0.471412335766847,0.489062212959492,0.0176498771926453
B,75,215,0.460518738256974,0.481992879190783,0.0214741409338084
B,75,220,0.449625140747101,0.475205891450766,0.0255807507036649
B,75,225,0.449625140747101,0.468674817026803,0.0190496762797019
B,75,230,0.44145736871305,0.462372767295767,0.0209153985827178
B,75,235,0.44145736871305,0.456294054652217,0.0148366859391678
B,75,240,0.430563771203176,0.450453509940065,0.0198897387368888
B,75,245,0.419670173693303,0.444811352460068,0.0251411787667656
B,75,250,0.419670173693303,0.439359244202614,0.0196890705093109
B,75,255,0.419670173693303,0.434088401871352,0.0144182281780492
B,75,260,0.411502401659252,0.428991245978637,0.0174888443193858
B,75,265,0.411502401659252,0.424061168875307,0.0125587672160557
B,75,270,0.400617954006026,0.41929285043851,0.0186748964324839
B,75,275,0.400617954006026,0.41468530822966,0.0140673542236343
B,75,280,0.3897335063528,0.410224534741396,0.0204910283885962
B,75,285,0.3897335063528,0.405903011367113,0.0161695050143124
B,75,290,0.381556584462101,0.401715064208981,0.0201584797468796
B,75,295,0.381556584462101,0.397655611308367,0.0160990268462659
C,20,5,4.90596962498133,5,0.0940303750186731
C,20,10,9.90487860559348,10,0.095121394406517
C,20,15,13.5708229176012,12.0282635025208,-1.54255941508035
C,20,20,15.5070469855899,12.4069381876657,-3.10010879792418
C,20,25,17.2071159981648,12.7221239177596,-4.48499208040519
C,20,30,18.2740655687363,13.0227140221247,-5.25135154661157
C,20,35,19.4535147821553,13.311691769351,-6.1418230128043
C,20,40,20.3122454777862,13.5908625291134,-6.72138294867274
C,20,45,20.9927119714938,13.8615808247808,-7.13113114671303
C,20,50,21.6963400100058,14.1249086337185,-7.57143137628737
C,20,55,22.5670724125893,14.3817532664962,-8.18531914609306
C,20,60,23.2298557016356,14.6330540167654,-8.5968016848702
C,20,65,23.7011599527169,14.878253113592,-8.82290683912485
C,20,70,24.2916589410291,15.1188077796507,-9.17285116137839
C,20,75,24.7641517778261,15.3562487262826,-9.40790305154349
C,20,80,25.2814852557085,15.5910419107943,-9.69044334491412
C,20,85,25.7075406645496,15.823481157672,-9.88405950687758
C,20,90,26.2829865814585,16.0537555229662,-10.2292310584923
C,20,95,26.5337037843187,16.2820636945666,-10.2516400897521
C,20,100,27.0058004258772,16.5085125354255,-10.4972878904517
C,20,105,27.2414525514179,16.733197495419,-10.5082550559989
C,20,110,27.478281256758,16.9562228170727,-10.5220584396852
C,20,115,27.9289118319775,17.1776981747689,-10.7512136572086
C,20,120,28.3044443765271,17.3976741928232,-10.9067701837039
C,20,125,28.5400965020678,17.6162386601045,-10.9238578419632
C,20,130,28.776144822847,17.8334142140558,-10.9427306087912
C,20,135,29.0117969483877,18.049305673173,-10.9624912752146
C,20,140,29.2486256537277,18.2639562373563,-10.9846694163715
C,20,145,29.4834973947076,18.477410270607,-11.0060871241006
C,20,150,29.7203261000476,18.6897134461978,-11.0306126538498
C,20,155,29.9567706160655,18.9009122770083,-11.0558583390571
C,20,160,30.3092643192381,19.1110582905205,-11.1982060287177
C,20,165,30.5460930245782,19.3202042390731,-11.2258887855051
C,20,170,30.7817451501189,19.5283169799655,-11.2534281701534
C,20,175,31.0059687892679,19.735493075638,-11.2704757136299
C,20,180,31.0177934708981,19.9418001610189,-11.0759933098792
C,20,185,31.2542259809996,20.1471408797898,-11.1070851012098
C,20,190,31.489493917218,20.3517098124615,-11.1377841047565
C,20,195,31.7259384332358,20.5553615728288,-11.170576860407
C,20,200,31.9286290412261,20.7582847702757,-11.1703442709504
C,20,205,31.9998726981397,20.9603772434868,-11.0394954546529
C,20,210,32.1976268736394,21.1617288544451,-11.0358980191943
C,20,215,32.5520895470887,21.3623926938151,-11.1896968532735
C,20,220,32.7889182524287,21.5622883424695,-11.2266299099592
C,20,225,32.7889182524287,21.7614975924052,-11.0274206600235
C,20,230,33.0237899934086,21.9600609013755,-11.0637290920331
C,20,235,33.2602225035101,22.1579899252516,-11.1022325782584
C,20,240,33.4752364971159,22.3552769853111,-11.1199595118047
C,20,245,33.4962708242893,22.5519049584874,-10.9443658658019
C,20,250,33.7319229498299,22.7479431645688,-10.9839797852612
C,20,255,33.9679712706092,22.9434036659908,-11.0245676046184
C,20,260,33.9679712706092,23.138298654799,-10.8296726158102
C,20,265,34.2040195913884,23.332639878841,-10.8713797125474
C,20,270,34.5576898743605,23.5264396049578,-11.0312502694027
C,20,275,34.7937381951398,23.7197105784432,-11.0740276166966
C,20,280,34.7937381951398,23.9124650467062,-10.8812731484336
C,20,285,35.0293903206804,24.1047154533314,-10.924674867349
C,20,290,35.2654386414597,24.296474386102,-10.9689642553576
C,20,295,35.2922795184034,24.4877542883799,-10.8045252300235
C,35,5,4.90596962498133,5,0.0940303750186731
C,35,10,9.90487860559348,10,0.095121394406517
C,35,15,15.2123107368694,15,-0.212310736869449
C,35,20,19.7554845466286,15.5893032221606,-4.16618132446804
C,35,25,22.0470428653054,15.8939054715317,-6.15313739377372
C,35,30,23.6814004701868,16.1885966458257,-7.49280382436109
C,35,35,25.0397275926439,16.4751090543521,-8.56461853829175
C,35,40,25.7401749295176,16.7544850540095,-8.98568987550804
C,35,45,26.3029451979352,17.0275541773619,-9.27539102057333
C,35,50,26.769752105098,17.2950236358178,-9.4747284692802
C,35,55,27.2414525514179,17.5574331959318,-9.68401935548608
C,35,60,27.478281256758,17.8152321620862,-9.66304909467179
C,35,65,27.7139333822986,18.0688991366191,-9.64503424567952
C,35,70,27.9499817030778,18.3188962503574,-9.63108545272048
C,35,75,28.3044443765271,18.5656474635443,-9.73879691298283
C,35,80,28.5400965020678,18.809584840945,-9.73051166112278
C,35,85,28.776144822847,19.0487474453869,-9.72739737746011
C,35,90,29.001518061456,19.2855531765754,-9.71596488488052
C,35,95,29.0117969483877,19.5205943977054,-9.49120255068227
C,35,100,29.2486256537277,19.754030287706,-9.49459536602172
C,35,105,29.4834973947076,19.9859530856355,-9.49754430907205
C,35,110,29.7203261000476,20.2164373066481,-9.50388879339951
C,35,115,29.9567706160655,20.4455728916969,-9.51119772436855
C,35,120,30.3092643192381,20.6734464251195,-9.63581789411868
C,35,125,30.5460930245782,20.9000293233156,-9.6460637012626
C,35,130,30.5460930245782,21.1254587434372,-9.42063428114104
C,35,135,30.7817451501189,21.3497575057076,-9.43198764441129
C,35,140,31.0177934708981,21.5729318577643,-9.44486161313385
C,35,145,31.2542259809996,21.7950554484992,-9.45917053250043
C,35,150,31.26309218339,22.0161661944953,-9.24692598889471
C,35,155,31.489493917218,22.2362996462177,-9.25319427100033
C,35,160,31.7259384332358,22.4555009725343,-9.2704374607015
C,35,165,31.9623709433373,22.6737471522434,-9.28862379109387
C,35,170,31.9777103392981,22.8911163918415,-9.08659394745663
C,35,175,32.1976268736394,23.1076559423056,-9.08997093133375
C,35,180,32.5520895470887,23.3233541997496,-9.22873534733902
C,35,185,32.7889182524287,23.5382354986324,-9.25068275379639
C,35,190,32.7889182524287,23.752377164947,-9.03654108748175
C,35,195,33.0237899934086,23.9657092722656,-9.05808072114293
C,35,200,33.2602225035101,24.1783559115368,-9.08186659197323
C,35,205,33.2978505719546,24.3902650951342,-8.9075854768204
C,35,210,33.4962708242893,24.6014827569579,-8.89478806733137
C,35,215,33.7319229498299,24.8120725971733,-8.91985035265664
C,35,220,33.9407748335792,25.021949025463,-8.91882580811613
C,35,225,33.9679712706092,25.2312023534299,-8.73676891717928
C,35,230,34.2040195913884,25.4398610298756,-8.76415856151288
C,35,235,34.5576898743605,25.6479357111625,-8.90975416319804
C,35,240,34.5576898743605,25.855374080469,-8.70231579389149
C,35,245,34.7937381951398,26.0622387804853,-8.73149941465446
C,35,250,35.0293903206804,26.2685555897933,-8.76083473088715
C,35,255,35.2654386414597,26.4743356218294,-8.79110301963025
C,35,260,35.2654386414597,26.6795888461035,-8.58584979535617
C,35,265,35.5018831574775,26.8843258647565,-8.61755729272101
C,35,270,35.7379194723404,27.0885565722287,-8.64936290011167
C,35,275,35.7579548299707,27.2922908553175,-8.46566397465321
C,35,280,35.9735715978811,27.4955391644901,-8.47803243339095
C,35,285,36.2104123091374,27.698312285943,-8.51210002319442
C,35,290,36.5640825921096,27.9006215265354,-8.66346106557421
C,35,295,36.5908335179068,28.1024781543565,-8.48835536355033
C,65,5,4.90596962498133,5,0.0940303750186731
C,65,10,9.90487860559348,10,0.095121394406517
C,65,15,15.2123107368694,15,-0.212310736869448
C,65,20,17.4479024489671,18.9395212195451,1.49161877057791
C,65,25,18.0360333888837,19.5278306272908,1.49179723840709
C,65,30,18.4898925589142,20.0179844973404,1.5280919384262
C,65,35,18.7860858995719,20.4682114692158,1.68212556964394
C,65,40,19.2178626566147,20.8925367684881,1.67467411187345
C,65,45,19.6903434874954,21.297426444926,1.6070829574306
C,65,50,20.0432333859067,21.6866337869821,1.64340040107547
C,65,55,20.5157142167874,22.0625640433821,1.54684982659474
C,65,60,20.7513663423281,22.4269177647878,1.67555142245971
C,65,65,20.9992012445113,22.7809061632016,1.78170491869027
C,65,70,21.4431003242218,23.1253644066593,1.68226408243749
C,65,75,21.6963400100058,23.4609474213078,1.76460741130196
C,65,80,22.050010292978,23.7879517587229,1.73794146574493
C,65,85,22.3032954909842,24.1060914323297,1.80279594134552
C,65,90,22.7482547583364,24.4164026408354,1.66814788249893
C,65,95,22.9938073808563,24.7208491593212,1.72704177846484
C,65,100,23.2298557016356,25.0195487915641,1.78969308992852
C,65,105,23.4662882117371,25.3136065298414,1.84731831810435
C,65,110,23.7011599527169,25.6031291544277,1.90196920171081
C,65,115,24.0560068154884,25.8886596514123,1.83265283592392
C,65,120,24.3307006250629,26.1707571428214,1.84005651775845
C,65,125,24.5582624743324,26.4496022638457,1.89133978951332
C,65,130,24.9994077081282,26.7253940854215,1.72598637729329
C,65,135,25.2104329972927,26.9985827680759,1.78814977078314
C,65,140,25.4722847342475,27.2692155902254,1.7969308559779
C,65,145,25.7075406645496,27.5375039275963,1.82996326304671
C,65,150,25.9439851805674,27.8036925528319,1.85970737226456
C,65,155,26.2984478540167,28.0678847680703,1.76943691405359
C,65,160,26.5337037843187,28.3302350925299,1.79653130821118
C,65,165,26.769752105098,28.5908759351672,1.82112383006924
C,65,170,27.0058004258772,28.8498404803227,1.84404005444544
C,65,175,27.2414525514179,29.1072800145076,1.8658274630897
C,65,180,27.478281256758,29.3633462011381,1.88506494438011
C,65,185,27.7139333822986,29.6180734829928,1.90414010069424
C,65,190,27.9499817030778,29.8714980493477,1.9215163462699
C,65,195,28.3044443765271,30.1238090871752,1.81936471064812
C,65,200,28.5400965020678,30.3749009020937,1.83480440002589
C,65,205,28.776144822847,30.6250156363703,1.84887081352332
C,65,210,29.0117969483877,30.8740682008012,1.86227125241355
C,65,215,29.2486256537277,31.1221855002112,1.87355984648344
C,65,220,29.4834973947076,31.3694590435616,1.88596164885405
C,65,225,29.7203261000476,31.6157754656139,1.89544936556629
C,65,230,29.9567706160655,31.8613204013803,1.90454978531482
C,65,235,30.3092643192381,32.1061308490624,1.79686652982424
C,65,240,30.5249891571339,32.3502314163923,1.82524225925838
C,65,245,30.7495869248608,32.5935679326913,1.84398100783054
C,65,250,31.0177934708981,32.8362658829439,1.81847241204577
C,65,255,31.2542259809996,33.0783524284381,1.82412644743845
C,65,260,31.2542259809996,33.3198525625194,2.06562658151974
C,65,265,31.489493917218,33.5607903776274,2.07129646040942
C,65,270,31.7579091502438,33.8011915496892,2.04328239944544
C,65,275,31.9823726160888,34.041081462554,2.05870884646522
C,65,280,32.1976268736394,34.2804848955023,2.0828580218629
C,65,285,32.5520895470887,34.519424889168,1.9673353420793
C,65,290,32.7889182524287,34.7579237977315,1.96900554530275
C,65,295,33.0237899934086,34.9960035615884,1.97221356817984
C,85,5,4.67023623679508,5,0.329763763204921
C,85,10,9.72789888766639,10,0.272101112333608
C,85,15,14.9491256766376,15,0.0508743233623825
C,85,20,17.9458939950683,19.3572659610673,1.41137196599895
C,85,25,18.8618427817404,20.5065428665228,1.64470008478236
C,85,30,19.6898779931749,21.3474643571681,1.65758636399314
C,85,35,20.4581243987867,22.0798320974269,1.62170769864019
C,85,40,20.9877204496246,22.749279288941,1.7615588393164
C,85,45,21.5824437162625,23.3754047022713,1.79296098600884
C,85,50,22.2859595649475,23.9690427209458,1.68308315599829
C,85,55,22.8140286424327,24.5369047541215,1.72287611168882
C,85,60,23.2296857791059,25.0825613789581,1.85287559985225
C,85,65,23.7016148924915,25.60684390423,1.90522901173849
C,85,70,24.2916632292882,26.1155874068415,1.82392417755334
C,85,75,24.7641471548152,26.6109916307232,1.84684447590798
C,85,80,25.2358492226669,27.0954665396666,1.85961731699964
C,85,85,25.707741763648,27.5708010408355,1.86305927718759
C,85,90,26.1055123731962,28.0384020278548,1.9328896546586
C,85,95,26.7004314129524,28.4995229389944,1.79909152604199
C,85,100,27.0057952655153,28.9552694766498,1.9494742111345
C,85,105,27.4779871118081,29.4063686352575,1.92838152344941
C,85,110,27.9498856557473,29.8536303278597,1.90374467211248
C,85,115,28.4735403739364,30.2976909728765,1.82415059894011
C,85,120,28.8281491183944,30.7390329506755,1.91088383228114
C,85,125,29.248334510257,31.1780686241142,1.92973411385725
C,85,130,29.7202300527171,31.6152609403904,1.89503088767339
C,85,135,30.0951763227638,32.0508079865049,1.9556316637411
C,85,140,30.6009426984043,32.4850486720852,1.88410597368095
C,85,145,31.0178895182287,32.9181918727312,1.90030235450251
C,85,150,31.3810250276045,33.3503937954127,1.96936876780823
C,85,155,31.8253168058578,33.7818255830878,1.95650877722999
C,85,160,32.1979309083003,34.2126150262995,2.0146841179992
C,85,165,32.7139633090032,34.6428767954411,1.92891348643791
C,85,170,33.1574331972841,35.0727036974253,1.91527050014127
C,85,175,33.6020143531142,35.5021787364806,1.90016438336644
C,85,180,33.9680703194188,35.9313592608309,1.96328894141204
C,85,185,34.4560085085941,36.3602907493695,1.90428224077542
C,85,190,34.9337247921411,36.7890376066376,1.8553128144965
C,85,195,35.3784182882542,37.2176174233922,1.83919913513802
C,85,200,35.5866695456629,37.6460785474568,2.05940900179397
C,85,205,36.0252855697399,38.074433226806,2.04914765706613
C,85,210,36.5640874534013,38.5027142371939,1.93862678379269
C,85,215,37.0364733786179,38.9309239956709,1.89445061705297
C,85,220,37.3630199581658,39.3590875274464,1.99606756928065
C,85,225,37.7442640549853,39.7872128521516,2.04294879716625
C,85,230,38.2156862577436,40.2153040448873,1.99961778714369
C,85,235,38.8056351928301,40.6433729886782,1.83773779584808
C,85,240,39.0418962614857,41.0714242521441,2.02952799065834
C,85,245,39.5138732010193,41.499461616649,1.98558841562975
C,85,250,39.9863570333791,41.9274875090453,1.94113047566624
C,85,255,40.4582525758392,42.3555052145274,1.89725263868813
C,85,260,40.8120126806085,42.7835169166417,1.97150423603321
C,85,265,41.2844156956084,43.2115240451864,1.92710834957802
C,85,270,41.6857926894659,43.6395277087655,1.95373501929964
C,85,275,42.1301648519071,44.0675288081909,1.93736395628382
C,85,280,42.4637538543014,44.4955279887584,2.03177413445692
C,85,285,42.9003486496655,44.9235257518447,2.0231771021792
C,85,290,43.4624409976682,45.3515224852584,1.88908148759016
C,85,295,43.7619958802582,45.779518461384,2.01752258112581
